Invoice ID,Branch,City,Customer type,Gender,Product line,Unit price,Quantity,Tax 5%,Total,Date,Time,Payment,cogs,gross margin percentage,gross income,Rating
754-24-1409,C,Naypyitaw,Normal,Female,Electronic accessories,22.56,2,2.26,47.38,2024-03-27,18:05,Credit card,45.12,4.7619,2.26,6.5
130-21-4582,A,Yangon,Member,Female,Fashion accessories,68.48,9,30.82,647.14,2024-02-23,13:28,Credit card,616.32,4.7619,30.82,5.7
990-10-3615,C,Naypyitaw,Normal,Male,Home and lifestyle,23.99,6,7.2,151.14,2024-01-14,11:24,Ewallet,143.94,4.7619,7.2,6.2
452-87-5333,A,Yangon,Normal,Female,Sports and travel,17.09,5,4.27,89.72,2024-03-21,19:56,Cash,85.45,4.7619,4.27,7.5
821-18-1750,C,Naypyitaw,Member,Male,Health and beauty,86.97,2,8.7,182.64,2024-02-18,14:29,Credit card,173.94,4.7619,8.7,9.0
266-57-6820,A,Yangon,Normal,Female,Food and beverages,67.14,9,30.21,634.47,2024-02-01,12:29,Cash,604.26,4.7619,30.21,5.6
755-98-4598,C,Naypyitaw,Normal,Female,Electronic accessories,83.95,6,25.19,528.89,2024-02-21,14:04,Ewallet,503.7,4.7619,25.19,9.5
680-50-4483,C,Naypyitaw,Normal,Male,Fashion accessories,51.29,5,12.82,269.27,2024-01-18,13:47,Credit card,256.45,4.7619,12.82,7.2
864-84-8019,C,Naypyitaw,Normal,Male,Electronic accessories,99.75,3,14.96,314.21,2024-03-06,17:05,Ewallet,299.25,4.7619,14.96,9.2
256-90-3621,C,Naypyitaw,Normal,Female,Sports and travel,44.34,8,17.74,372.46,2024-03-08,14:35,Ewallet,354.72,4.7619,17.74,8.1
217-97-9797,B,Mandalay,Normal,Female,Home and lifestyle,49.12,8,19.65,412.61,2024-01-01,14:32,Ewallet,392.96,4.7619,19.65,7.0
208-90-5889,C,Naypyitaw,Member,Female,Home and lifestyle,78.62,9,35.38,742.96,2024-03-08,10:38,Cash,707.58,4.7619,35.38,6.9
214-56-6038,A,Yangon,Member,Female,Food and beverages,95.22,2,9.52,199.96,2024-03-03,11:48,Credit card,190.44,4.7619,9.52,8.6
231-94-8787,C,Naypyitaw,Member,Male,Food and beverages,88.51,7,30.98,650.55,2024-01-28,18:48,Credit card,619.57,4.7619,30.98,8.1
830-49-7537,C,Naypyitaw,Normal,Male,Food and beverages,50.63,4,10.13,212.65,2024-01-29,11:21,Ewallet,202.52,4.7619,10.13,7.5
335-85-4608,A,Yangon,Member,Female,Electronic accessories,16.07,1,0.8,16.87,2024-02-12,11:32,Ewallet,16.07,4.7619,0.8,5.7
597-37-9834,A,Yangon,Normal,Female,Sports and travel,82.67,4,16.53,347.21,2024-01-13,11:42,Cash,330.68,4.7619,16.53,6.1
520-69-1887,C,Naypyitaw,Member,Female,Sports and travel,75.53,2,7.55,158.61,2024-02-01,13:12,Credit card,151.06,4.7619,7.55,6.7
532-33-5563,B,Mandalay,Member,Female,Sports and travel,82.71,9,37.22,781.61,2024-01-13,10:41,Credit card,744.39,4.7619,37.22,9.0
195-40-3724,B,Mandalay,Normal,Male,Electronic accessories,87.81,1,4.39,92.2,2024-01-22,16:00,Cash,87.81,4.7619,4.39,5.6
902-68-5673,B,Mandalay,Normal,Female,Electronic accessories,36.7,1,1.84,38.54,2024-03-15,18:03,Credit card,36.7,4.7619,1.84,5.9
151-84-8811,C,Naypyitaw,Member,Female,Food and beverages,17.21,3,2.58,54.21,2024-01-09,19:04,Credit card,51.63,4.7619,2.58,9.2
513-25-5033,C,Naypyitaw,Member,Female,Sports and travel,69.16,10,34.58,726.18,2024-03-07,15:59,Cash,691.6,4.7619,34.58,5.2
833-50-4910,B,Mandalay,Normal,Female,Fashion accessories,68.09,8,27.24,571.96,2024-02-10,11:00,Cash,544.72,4.7619,27.24,7.7
676-22-2200,C,Naypyitaw,Member,Male,Electronic accessories,93.98,2,9.4,197.36,2024-02-01,15:18,Ewallet,187.96,4.7619,9.4,6.6
656-48-9666,A,Yangon,Normal,Female,Electronic accessories,33.8,2,3.38,70.98,2024-03-11,12:17,Cash,67.6,4.7619,3.38,7.6
834-53-4335,C,Naypyitaw,Normal,Male,Home and lifestyle,91.47,1,4.57,96.04,2024-01-12,20:27,Cash,91.47,4.7619,4.57,4.3
441-26-5291,A,Yangon,Normal,Male,Food and beverages,10.87,2,1.09,22.83,2024-03-29,12:34,Ewallet,21.74,4.7619,1.09,9.0
696-80-3426,B,Mandalay,Member,Female,Home and lifestyle,42.81,1,2.14,44.95,2024-02-15,13:43,Ewallet,42.81,4.7619,2.14,8.0
462-81-7658,C,Naypyitaw,Member,Female,Electronic accessories,97.85,3,14.68,308.23,2024-02-22,10:11,Credit card,293.55,4.7619,14.68,9.5
901-62-5065,B,Mandalay,Member,Female,Sports and travel,88.49,8,35.4,743.32,2024-01-29,13:52,Cash,707.92,4.7619,35.4,6.1
940-39-4652,A,Yangon,Member,Male,Home and lifestyle,35.07,2,3.51,73.65,2024-02-05,15:41,Credit card,70.14,4.7619,3.51,6.4
963-78-6425,A,Yangon,Member,Male,Electronic accessories,62.25,5,15.56,326.81,2024-01-05,11:38,Cash,311.25,4.7619,15.56,6.1
905-50-8149,C,Naypyitaw,Member,Male,Food and beverages,27.11,1,1.36,28.47,2024-03-31,16:00,Credit card,27.11,4.7619,1.36,9.6
651-97-4228,B,Mandalay,Normal,Female,Fashion accessories,92.86,10,46.43,975.03,2024-02-10,20:54,Ewallet,928.6,4.7619,46.43,8.3
407-74-6067,C,Naypyitaw,Normal,Male,Sports and travel,72.74,9,32.73,687.39,2024-01-17,13:26,Credit card,654.66,4.7619,32.73,9.6
793-32-5930,B,Mandalay,Member,Male,Home and lifestyle,28.91,10,14.46,303.56,2024-03-18,20:20,Cash,289.1,4.7619,14.46,6.7
791-37-9375,B,Mandalay,Member,Female,Home and lifestyle,56.39,10,28.2,592.1,2024-02-12,11:52,Ewallet,563.9,4.7619,28.2,8.0
330-35-3414,A,Yangon,Member,Female,Sports and travel,65.01,2,6.5,136.52,2024-02-28,16:56,Credit card,130.02,4.7619,6.5,7.5
835-99-7291,B,Mandalay,Normal,Female,Electronic accessories,69.04,1,3.45,72.49,2024-01-14,16:14,Ewallet,69.04,4.7619,3.45,8.8
812-76-8611,A,Yangon,Member,Female,Sports and travel,22.0,8,8.8,184.8,2024-03-26,18:35,Credit card,176.0,4.7619,8.8,5.9
873-66-9270,B,Mandalay,Normal,Female,Fashion accessories,87.53,8,35.01,735.25,2024-02-03,13:53,Credit card,700.24,4.7619,35.01,5.7
896-76-8939,C,Naypyitaw,Member,Male,Sports and travel,16.97,5,4.24,89.09,2024-01-31,14:21,Cash,84.85,4.7619,4.24,9.4
182-27-3471,A,Yangon,Normal,Female,Fashion accessories,29.25,7,10.24,214.99,2024-02-22,15:34,Cash,204.75,4.7619,10.24,6.5
311-63-7381,C,Naypyitaw,Member,Male,Sports and travel,10.53,6,3.16,66.34,2024-02-08,16:54,Cash,63.18,4.7619,3.16,7.2
852-79-4613,B,Mandalay,Member,Male,Sports and travel,53.7,7,18.79,394.69,2024-02-13,20:43,Cash,375.9,4.7619,18.79,8.3
960-69-3091,C,Naypyitaw,Member,Male,Food and beverages,60.79,1,3.04,63.83,2024-01-11,20:27,Ewallet,60.79,4.7619,3.04,9.2
286-16-5262,B,Mandalay,Normal,Female,Sports and travel,39.41,7,13.79,289.66,2024-02-05,16:16,Ewallet,275.87,4.7619,13.79,6.8
867-79-1853,B,Mandalay,Member,Female,Fashion accessories,13.62,1,0.68,14.3,2024-02-01,13:53,Ewallet,13.62,4.7619,0.68,7.7
344-26-8758,C,Naypyitaw,Member,Female,Sports and travel,72.94,6,21.88,459.52,2024-01-22,19:38,Credit card,437.64,4.7619,21.88,8.3
896-30-6096,A,Yangon,Member,Male,Food and beverages,70.95,7,24.83,521.48,2024-02-20,13:04,Credit card,496.65,4.7619,24.83,8.1
742-41-2669,C,Naypyitaw,Normal,Female,Food and beverages,80.43,6,24.13,506.71,2024-03-09,16:42,Cash,482.58,4.7619,24.13,4.4
763-53-1207,B,Mandalay,Normal,Female,Sports and travel,96.46,8,38.58,810.26,2024-03-31,12:27,Ewallet,771.68,4.7619,38.58,8.4
766-44-9817,B,Mandalay,Normal,Male,Fashion accessories,63.32,6,19.0,398.92,2024-02-01,11:17,Cash,379.92,4.7619,19.0,5.5
575-82-7209,B,Mandalay,Member,Male,Home and lifestyle,26.36,4,5.27,110.71,2024-02-15,14:21,Cash,105.44,4.7619,5.27,9.3
818-45-1166,C,Naypyitaw,Member,Female,Electronic accessories,74.8,8,29.92,628.32,2024-03-12,13:44,Cash,598.4,4.7619,29.92,7.9
602-67-1282,A,Yangon,Normal,Female,Sports and travel,72.25,5,18.06,379.31,2024-03-25,19:23,Cash,361.25,4.7619,18.06,7.3
452-64-6419,B,Mandalay,Normal,Male,Home and lifestyle,32.62,2,3.26,68.5,2024-01-25,15:07,Credit card,65.24,4.7619,3.26,7.2
880-98-4033,A,Yangon,Member,Male,Home and lifestyle,75.21,9,33.84,710.73,2024-03-17,14:06,Ewallet,676.89,4.7619,33.84,5.8
469-32-5952,A,Yangon,Member,Male,Health and beauty,97.68,9,43.96,923.08,2024-02-07,12:40,Cash,879.12,4.7619,43.96,4.6
112-83-5658,B,Mandalay,Normal,Male,Home and lifestyle,26.59,1,1.33,27.92,2024-02-02,17:07,Ewallet,26.59,4.7619,1.33,6.4
175-83-1878,A,Yangon,Member,Male,Health and beauty,99.44,2,9.94,208.82,2024-03-12,16:38,Credit card,198.88,4.7619,9.94,8.7
331-76-7232,B,Mandalay,Normal,Male,Food and beverages,99.09,5,24.77,520.22,2024-03-13,19:03,Credit card,495.45,4.7619,24.77,9.8
201-36-4457,B,Mandalay,Member,Female,Electronic accessories,25.64,2,2.56,53.84,2024-01-21,10:26,Cash,51.28,4.7619,2.56,8.1
581-47-1534,A,Yangon,Normal,Male,Fashion accessories,87.36,2,8.74,183.46,2024-03-28,13:59,Cash,174.72,4.7619,8.74,8.7
740-85-4241,B,Mandalay,Member,Female,Fashion accessories,23.41,5,5.85,122.9,2024-01-19,11:03,Ewallet,117.05,4.7619,5.85,8.8
709-82-5728,B,Mandalay,Member,Male,Fashion accessories,37.37,7,13.08,274.67,2024-02-04,18:34,Cash,261.59,4.7619,13.08,6.6
712-15-8078,C,Naypyitaw,Normal,Male,Health and beauty,18.22,10,9.11,191.31,2024-03-16,10:48,Credit card,182.2,4.7619,9.11,8.9
690-15-3870,B,Mandalay,Normal,Male,Electronic accessories,99.72,7,34.9,732.94,2024-03-22,17:05,Cash,698.04,4.7619,34.9,6.1
441-51-2713,A,Yangon,Normal,Male,Fashion accessories,54.59,7,19.11,401.24,2024-03-11,10:29,Ewallet,382.13,4.7619,19.11,5.9
431-24-7622,C,Naypyitaw,Member,Male,Sports and travel,14.88,9,6.7,140.62,2024-02-16,19:48,Cash,133.92,4.7619,6.7,7.8
878-16-4335,B,Mandalay,Member,Male,Sports and travel,89.27,8,35.71,749.87,2024-01-16,10:40,Credit card,714.16,4.7619,35.71,8.8
826-30-6091,C,Naypyitaw,Member,Male,Health and beauty,30.22,2,3.02,63.46,2024-02-29,11:41,Ewallet,60.44,4.7619,3.02,7.0
833-47-9337,C,Naypyitaw,Normal,Male,Sports and travel,98.21,4,19.64,412.48,2024-02-28,18:09,Cash,392.84,4.7619,19.64,5.1
713-75-3236,A,Yangon,Normal,Male,Home and lifestyle,94.07,9,42.33,888.96,2024-02-04,10:18,Credit card,846.63,4.7619,42.33,5.8
701-84-9022,A,Yangon,Normal,Male,Home and lifestyle,39.92,9,17.96,377.24,2024-02-18,17:59,Cash,359.28,4.7619,17.96,9.2
814-40-7274,A,Yangon,Normal,Female,Home and lifestyle,77.02,7,26.96,566.1,2024-02-19,20:50,Credit card,539.14,4.7619,26.96,9.9
607-14-3068,C,Naypyitaw,Normal,Female,Sports and travel,18.97,8,7.59,159.35,2024-01-02,12:26,Credit card,151.76,4.7619,7.59,9.8
176-70-5342,B,Mandalay,Normal,Female,Home and lifestyle,86.7,9,39.02,819.32,2024-02-18,15:40,Credit card,780.3,4.7619,39.02,9.3
599-79-1588,C,Naypyitaw,Member,Female,Fashion accessories,71.59,5,17.9,375.85,2024-01-30,11:27,Ewallet,357.95,4.7619,17.9,8.6
820-22-8269,A,Yangon,Normal,Female,Health and beauty,39.19,1,1.96,41.15,2024-02-07,15:23,Cash,39.19,4.7619,1.96,4.9
643-62-3950,A,Yangon,Member,Female,Food and beverages,88.37,10,44.19,927.89,2024-03-28,13:31,Credit card,883.7,4.7619,44.19,4.9
572-91-5161,B,Mandalay,Normal,Female,Sports and travel,91.1,9,41.0,860.9,2024-01-21,11:28,Cash,819.9,4.7619,41.0,9.9
406-91-7951,C,Naypyitaw,Normal,Male,Home and lifestyle,27.93,7,9.78,205.29,2024-03-02,11:15,Cash,195.51,4.7619,9.78,7.4
688-47-5837,A,Yangon,Normal,Male,Health and beauty,60.93,1,3.05,63.98,2024-03-18,17:53,Cash,60.93,4.7619,3.05,8.7
335-87-6772,A,Yangon,Member,Male,Fashion accessories,77.99,3,11.7,245.67,2024-03-21,11:57,Credit card,233.97,4.7619,11.7,7.9
416-66-1546,C,Naypyitaw,Normal,Female,Health and beauty,91.86,6,27.56,578.72,2024-02-23,12:12,Ewallet,551.16,4.7619,27.56,8.7
997-56-9697,C,Naypyitaw,Normal,Female,Home and lifestyle,92.26,8,36.9,774.98,2024-02-07,15:51,Ewallet,738.08,4.7619,36.9,6.8
177-28-4696,C,Naypyitaw,Normal,Male,Health and beauty,81.15,1,4.06,85.21,2024-02-03,18:07,Cash,81.15,4.7619,4.06,6.2
866-96-5295,C,Naypyitaw,Normal,Male,Health and beauty,70.73,8,28.29,594.13,2024-01-04,19:56,Credit card,565.84,4.7619,28.29,6.0
724-38-2035,C,Naypyitaw,Normal,Male,Fashion accessories,46.74,3,7.01,147.23,2024-01-06,10:19,Cash,140.22,4.7619,7.01,4.7
340-78-3222,B,Mandalay,Normal,Male,Fashion accessories,95.43,9,42.94,901.81,2024-02-23,19:47,Credit card,858.87,4.7619,42.94,4.9
524-93-2622,B,Mandalay,Normal,Male,Health and beauty,72.12,4,14.42,302.9,2024-02-26,17:15,Cash,288.48,4.7619,14.42,4.6
802-57-9920,C,Naypyitaw,Normal,Female,Sports and travel,34.83,2,3.48,73.14,2024-02-28,11:42,Ewallet,69.66,4.7619,3.48,7.9
711-12-1828,B,Mandalay,Member,Female,Food and beverages,28.47,9,12.81,269.04,2024-01-27,19:13,Ewallet,256.23,4.7619,12.81,6.0
251-86-1046,B,Mandalay,Member,Female,Food and beverages,32.56,3,4.88,102.56,2024-01-15,20:55,Ewallet,97.68,4.7619,4.88,4.8
466-40-6304,A,Yangon,Member,Male,Health and beauty,21.41,7,7.49,157.36,2024-03-08,11:47,Ewallet,149.87,4.7619,7.49,6.9
896-56-9408,C,Naypyitaw,Member,Male,Food and beverages,29.94,10,14.97,314.37,2024-01-06,20:33,Cash,299.4,4.7619,14.97,6.7
131-17-8847,B,Mandalay,Normal,Female,Sports and travel,74.11,8,29.64,622.52,2024-01-10,11:20,Credit card,592.88,4.7619,29.64,4.9
229-45-9984,C,Naypyitaw,Normal,Male,Food and beverages,57.74,8,23.1,485.02,2024-03-05,19:27,Ewallet,461.92,4.7619,23.1,8.8
217-93-4522,B,Mandalay,Normal,Female,Sports and travel,40.5,8,16.2,340.2,2024-02-21,16:46,Ewallet,324.0,4.7619,16.2,5.9
420-95-5176,B,Mandalay,Member,Male,Health and beauty,18.21,2,1.82,38.24,2024-01-12,16:06,Credit card,36.42,4.7619,1.82,8.4
931-26-1982,C,Naypyitaw,Normal,Female,Sports and travel,41.82,7,14.64,307.38,2024-01-07,14:38,Cash,292.74,4.7619,14.64,6.1
691-74-4485,A,Yangon,Normal,Female,Health and beauty,41.51,9,18.68,392.27,2024-02-17,11:48,Cash,373.59,4.7619,18.68,7.4
926-64-1430,C,Naypyitaw,Normal,Female,Electronic accessories,34.59,5,8.65,181.6,2024-02-13,15:00,Ewallet,172.95,4.7619,8.65,9.2
679-94-7566,A,Yangon,Member,Female,Health and beauty,77.14,4,15.43,323.99,2024-02-18,16:29,Cash,308.56,4.7619,15.43,4.9
419-51-2391,A,Yangon,Member,Female,Food and beverages,14.48,2,1.45,30.41,2024-02-04,17:42,Cash,28.96,4.7619,1.45,6.9
552-63-5475,A,Yangon,Member,Male,Sports and travel,19.98,10,9.99,209.79,2024-03-03,18:42,Cash,199.8,4.7619,9.99,4.3
504-86-1897,A,Yangon,Member,Male,Electronic accessories,79.05,5,19.76,415.01,2024-02-07,15:07,Ewallet,395.25,4.7619,19.76,7.0
540-32-3116,B,Mandalay,Member,Male,Health and beauty,45.73,1,2.29,48.02,2024-02-25,10:29,Ewallet,45.73,4.7619,2.29,9.2
689-64-7626,C,Naypyitaw,Normal,Male,Health and beauty,46.45,6,13.94,292.64,2024-01-22,19:29,Credit card,278.7,4.7619,13.94,9.5
190-65-2734,A,Yangon,Normal,Male,Food and beverages,17.08,5,4.27,89.67,2024-02-13,13:21,Ewallet,85.4,4.7619,4.27,4.5
748-24-9693,C,Naypyitaw,Member,Male,Home and lifestyle,75.46,3,11.32,237.7,2024-01-31,11:09,Cash,226.38,4.7619,11.32,5.2
716-29-2234,A,Yangon,Normal,Male,Food and beverages,78.38,8,31.35,658.39,2024-03-28,19:41,Credit card,627.04,4.7619,31.35,9.9
430-90-6179,A,Yangon,Normal,Female,Sports and travel,49.79,5,12.45,261.4,2024-02-05,19:03,Cash,248.95,4.7619,12.45,7.0
417-69-8404,A,Yangon,Member,Male,Home and lifestyle,16.91,2,1.69,35.51,2024-03-19,19:32,Cash,33.82,4.7619,1.69,6.8
667-15-8368,C,Naypyitaw,Member,Male,Food and beverages,52.8,3,7.92,166.32,2024-01-08,17:06,Cash,158.4,4.7619,7.92,9.9
186-74-3827,A,Yangon,Member,Male,Sports and travel,57.16,10,28.58,600.18,2024-01-21,15:23,Cash,571.6,4.7619,28.58,6.3
893-53-1857,C,Naypyitaw,Normal,Female,Home and lifestyle,18.5,7,6.48,135.98,2024-02-06,14:46,Credit card,129.5,4.7619,6.48,9.8
717-29-6461,A,Yangon,Member,Male,Home and lifestyle,97.08,7,33.98,713.54,2024-01-17,19:45,Ewallet,679.56,4.7619,33.98,5.9
485-92-6381,A,Yangon,Member,Male,Food and beverages,42.56,6,12.77,268.13,2024-02-09,12:13,Cash,255.36,4.7619,12.77,9.7
597-34-4711,A,Yangon,Member,Female,Home and lifestyle,85.99,2,8.6,180.58,2024-03-05,18:53,Credit card,171.98,4.7619,8.6,9.3
138-94-6517,C,Naypyitaw,Member,Male,Electronic accessories,24.6,10,12.3,258.3,2024-01-22,17:02,Cash,246.0,4.7619,12.3,6.2
836-40-8277,C,Naypyitaw,Normal,Male,Electronic accessories,58.06,5,14.52,304.82,2024-03-01,13:23,Credit card,290.3,4.7619,14.52,9.7
551-69-5616,B,Mandalay,Normal,Female,Electronic accessories,82.11,3,12.32,258.65,2024-02-02,10:41,Cash,246.33,4.7619,12.32,9.2
667-23-9452,A,Yangon,Normal,Female,Electronic accessories,34.55,9,15.55,326.5,2024-01-19,16:05,Ewallet,310.95,4.7619,15.55,8.9
457-13-7797,A,Yangon,Normal,Male,Electronic accessories,44.75,2,4.48,93.98,2024-02-17,13:01,Cash,89.5,4.7619,4.48,9.6
959-93-6493,A,Yangon,Member,Female,Home and lifestyle,92.56,8,37.02,777.5,2024-03-30,12:48,Credit card,740.48,4.7619,37.02,6.8
730-10-2298,A,Yangon,Normal,Female,Electronic accessories,59.39,10,29.7,623.6,2024-03-08,16:07,Cash,593.9,4.7619,29.7,5.4
224-16-4906,B,Mandalay,Normal,Female,Health and beauty,85.29,8,34.12,716.44,2024-03-17,18:01,Credit card,682.32,4.7619,34.12,7.1
347-28-5772,B,Mandalay,Member,Male,Electronic accessories,61.35,3,9.2,193.25,2024-03-26,20:05,Credit card,184.05,4.7619,9.2,9.8
169-77-9914,C,Naypyitaw,Member,Male,Sports and travel,13.92,7,4.87,102.31,2024-02-17,14:47,Ewallet,97.44,4.7619,4.87,6.1
169-54-4950,C,Naypyitaw,Member,Male,Electronic accessories,13.99,9,6.3,132.21,2024-02-13,20:11,Credit card,125.91,4.7619,6.3,6.8
812-71-3986,A,Yangon,Member,Male,Health and beauty,36.41,1,1.82,38.23,2024-01-26,10:20,Cash,36.41,4.7619,1.82,7.1
934-79-8756,B,Mandalay,Member,Female,Home and lifestyle,42.12,1,2.11,44.23,2024-03-24,15:17,Ewallet,42.12,4.7619,2.11,8.8
547-61-8204,B,Mandalay,Normal,Female,Sports and travel,72.28,6,21.68,455.36,2024-03-07,14:51,Ewallet,433.68,4.7619,21.68,8.4
180-65-3956,C,Naypyitaw,Normal,Male,Health and beauty,17.21,5,4.3,90.35,2024-02-09,17:38,Credit card,86.05,4.7619,4.3,6.6
806-66-6759,B,Mandalay,Member,Male,Food and beverages,99.82,5,24.96,524.06,2024-03-22,10:04,Credit card,499.1,4.7619,24.96,7.8
472-75-3621,A,Yangon,Member,Male,Health and beauty,21.36,4,4.27,89.71,2024-03-23,15:23,Cash,85.44,4.7619,4.27,9.7
133-87-3513,C,Naypyitaw,Normal,Male,Home and lifestyle,49.95,2,5.0,104.9,2024-03-14,12:33,Cash,99.9,4.7619,5.0,6.4
765-45-5089,A,Yangon,Member,Female,Sports and travel,56.59,9,25.47,534.78,2024-01-16,14:49,Cash,509.31,4.7619,25.47,8.2
319-88-5678,C,Naypyitaw,Normal,Female,Health and beauty,22.21,2,2.22,46.64,2024-02-27,12:57,Credit card,44.42,4.7619,2.22,6.7
189-97-6236,C,Naypyitaw,Normal,Female,Food and beverages,58.79,5,14.7,308.65,2024-01-21,20:11,Cash,293.95,4.7619,14.7,7.1
224-35-3275,A,Yangon,Normal,Female,Home and lifestyle,59.86,6,17.96,377.12,2024-02-29,18:08,Credit card,359.16,4.7619,17.96,9.3
167-49-7523,C,Naypyitaw,Normal,Male,Sports and travel,84.09,2,8.41,176.59,2024-01-17,15:41,Ewallet,168.18,4.7619,8.41,6.7
796-76-6644,A,Yangon,Member,Female,Sports and travel,55.25,1,2.76,58.01,2024-01-16,18:09,Cash,55.25,4.7619,2.76,5.0
430-38-6669,C,Naypyitaw,Normal,Female,Home and lifestyle,27.67,9,12.45,261.48,2024-02-05,12:40,Cash,249.03,4.7619,12.45,7.7
195-74-3762,C,Naypyitaw,Member,Female,Fashion accessories,66.2,10,33.1,695.1,2024-02-13,19:02,Ewallet,662.0,4.7619,33.1,4.5
756-83-5336,C,Naypyitaw,Member,Male,Food and beverages,67.5,8,27.0,567.0,2024-03-21,18:18,Credit card,540.0,4.7619,27.0,9.7
594-41-7653,B,Mandalay,Normal,Female,Fashion accessories,15.39,8,6.16,129.28,2024-02-23,17:29,Ewallet,123.12,4.7619,6.16,6.0
247-50-6231,C,Naypyitaw,Normal,Male,Electronic accessories,78.45,9,35.3,741.35,2024-03-12,11:20,Ewallet,706.05,4.7619,35.3,6.8
373-67-5061,A,Yangon,Member,Female,Home and lifestyle,95.08,10,47.54,998.34,2024-02-23,13:55,Ewallet,950.8,4.7619,47.54,8.9
691-50-4110,A,Yangon,Normal,Male,Sports and travel,89.11,8,35.64,748.52,2024-01-03,11:25,Credit card,712.88,4.7619,35.64,6.7
346-37-6781,A,Yangon,Member,Male,Sports and travel,63.77,8,25.51,535.67,2024-02-06,18:00,Ewallet,510.16,4.7619,25.51,6.6
370-56-7606,B,Mandalay,Member,Male,Health and beauty,61.32,4,12.26,257.54,2024-02-16,18:18,Ewallet,245.28,4.7619,12.26,6.3
561-80-5582,C,Naypyitaw,Member,Female,Health and beauty,45.45,6,13.63,286.33,2024-03-12,15:48,Ewallet,272.7,4.7619,13.63,5.2
621-61-9193,A,Yangon,Member,Female,Electronic accessories,74.22,8,29.69,623.45,2024-03-07,17:09,Credit card,593.76,4.7619,29.69,9.4
243-51-6218,A,Yangon,Normal,Male,Food and beverages,40.27,9,18.12,380.55,2024-03-09,17:45,Credit card,362.43,4.7619,18.12,5.8
935-12-7035,B,Mandalay,Member,Male,Food and beverages,37.69,1,1.88,39.57,2024-03-17,17:16,Credit card,37.69,4.7619,1.88,8.7
894-84-4728,C,Naypyitaw,Member,Male,Electronic accessories,57.18,10,28.59,600.39,2024-02-18,12:52,Credit card,571.8,4.7619,28.59,5.5
686-99-2800,A,Yangon,Member,Male,Home and lifestyle,47.69,7,16.69,350.52,2024-03-29,13:26,Credit card,333.83,4.7619,16.69,8.6
582-17-3262,C,Naypyitaw,Member,Male,Fashion accessories,53.05,7,18.57,389.92,2024-02-10,12:29,Credit card,371.35,4.7619,18.57,6.1
462-96-5331,C,Naypyitaw,Normal,Female,Electronic accessories,35.11,5,8.78,184.33,2024-01-29,14:49,Cash,175.55,4.7619,8.78,8.2
806-72-6194,B,Mandalay,Normal,Male,Home and lifestyle,20.97,9,9.44,198.17,2024-02-18,16:52,Cash,188.73,4.7619,9.44,9.7
923-28-5758,A,Yangon,Normal,Female,Home and lifestyle,93.15,5,23.29,489.04,2024-03-02,13:12,Credit card,465.75,4.7619,23.29,5.6
675-99-5450,A,Yangon,Member,Female,Electronic accessories,14.57,9,6.56,137.69,2024-01-29,20:14,Ewallet,131.13,4.7619,6.56,4.6
438-70-2647,C,Naypyitaw,Member,Female,Food and beverages,98.0,3,14.7,308.7,2024-02-22,20:59,Cash,294.0,4.7619,14.7,6.9
304-46-6262,B,Mandalay,Member,Female,Fashion accessories,61.67,9,27.75,582.78,2024-01-05,12:26,Ewallet,555.03,4.7619,27.75,9.6
137-60-9116,A,Yangon,Normal,Female,Health and beauty,36.85,10,18.43,386.93,2024-01-14,15:18,Cash,368.5,4.7619,18.43,9.9
656-77-9092,A,Yangon,Normal,Male,Electronic accessories,82.79,6,24.84,521.58,2024-01-21,17:41,Cash,496.74,4.7619,24.84,8.3
114-53-5833,C,Naypyitaw,Member,Female,Food and beverages,87.04,7,30.46,639.74,2024-02-24,18:20,Ewallet,609.28,4.7619,30.46,6.4
197-33-3303,B,Mandalay,Normal,Female,Health and beauty,33.47,4,6.69,140.57,2024-02-27,14:21,Cash,133.88,4.7619,6.69,7.5
686-11-5285,C,Naypyitaw,Normal,Female,Health and beauty,70.09,8,28.04,588.76,2024-02-09,12:25,Credit card,560.72,4.7619,28.04,7.0
820-49-2923,C,Naypyitaw,Normal,Male,Food and beverages,29.87,3,4.48,94.09,2024-03-02,12:29,Credit card,89.61,4.7619,4.48,9.9
482-63-9998,B,Mandalay,Member,Female,Fashion accessories,77.92,2,7.79,163.63,2024-03-08,17:33,Credit card,155.84,4.7619,7.79,6.2
677-24-2011,C,Naypyitaw,Member,Female,Electronic accessories,39.53,9,17.79,373.56,2024-02-26,11:43,Ewallet,355.77,4.7619,17.79,8.3
600-21-9361,B,Mandalay,Member,Male,Electronic accessories,56.19,8,22.48,472.0,2024-03-13,10:35,Cash,449.52,4.7619,22.48,8.0
415-12-7487,B,Mandalay,Member,Female,Food and beverages,16.57,7,5.8,121.79,2024-02-14,11:34,Ewallet,115.99,4.7619,5.8,9.6
170-70-1519,B,Mandalay,Normal,Female,Electronic accessories,78.92,7,27.62,580.06,2024-02-17,16:28,Cash,552.44,4.7619,27.62,6.3
799-94-9835,A,Yangon,Normal,Female,Electronic accessories,99.35,7,34.77,730.22,2024-03-08,12:46,Ewallet,695.45,4.7619,34.77,9.0
874-12-5888,B,Mandalay,Normal,Male,Electronic accessories,32.27,6,9.68,203.3,2024-01-20,14:12,Credit card,193.62,4.7619,9.68,8.6
132-94-7868,C,Naypyitaw,Member,Female,Electronic accessories,16.06,10,8.03,168.63,2024-01-05,17:38,Credit card,160.6,4.7619,8.03,8.2
149-41-1724,B,Mandalay,Normal,Female,Food and beverages,29.55,1,1.48,31.03,2024-01-18,18:18,Ewallet,29.55,4.7619,1.48,8.9
849-83-6224,C,Naypyitaw,Normal,Female,Home and lifestyle,88.85,9,39.98,839.63,2024-01-29,16:19,Cash,799.65,4.7619,39.98,4.4
705-32-7999,C,Naypyitaw,Normal,Female,Home and lifestyle,94.73,7,33.16,696.27,2024-03-08,15:44,Cash,663.11,4.7619,33.16,6.4
407-58-4012,C,Naypyitaw,Normal,Female,Electronic accessories,37.06,3,5.56,116.74,2024-02-29,10:35,Cash,111.18,4.7619,5.56,9.8
670-77-3196,B,Mandalay,Member,Male,Electronic accessories,39.72,2,3.97,83.41,2024-02-27,15:05,Credit card,79.44,4.7619,3.97,8.3
295-16-5398,B,Mandalay,Member,Female,Electronic accessories,82.41,10,41.21,865.31,2024-03-26,18:13,Cash,824.1,4.7619,41.21,5.3
440-48-1251,A,Yangon,Member,Female,Fashion accessories,99.95,8,39.98,839.58,2024-02-01,19:45,Ewallet,799.6,4.7619,39.98,6.4
345-80-6269,B,Mandalay,Normal,Male,Food and beverages,68.38,5,17.09,358.99,2024-02-03,15:32,Cash,341.9,4.7619,17.09,6.8
922-70-6246,A,Yangon,Normal,Male,Sports and travel,14.11,4,2.82,59.26,2024-01-19,10:16,Credit card,56.44,4.7619,2.82,9.6
693-63-5836,A,Yangon,Member,Male,Electronic accessories,44.18,4,8.84,185.56,2024-03-04,18:41,Credit card,176.72,4.7619,8.84,6.0
881-72-9037,B,Mandalay,Member,Male,Electronic accessories,22.59,9,10.17,213.48,2024-03-03,12:58,Credit card,203.31,4.7619,10.17,9.9
160-77-1554,A,Yangon,Member,Female,Sports and travel,22.37,4,4.47,93.95,2024-01-09,12:00,Ewallet,89.48,4.7619,4.47,7.0
482-17-8916,C,Naypyitaw,Normal,Female,Health and beauty,57.89,7,20.26,425.49,2024-01-02,10:33,Credit card,405.23,4.7619,20.26,5.6
393-12-9228,C,Naypyitaw,Normal,Female,Health and beauty,92.62,9,41.68,875.26,2024-01-20,13:12,Credit card,833.58,4.7619,41.68,7.2
934-55-5379,B,Mandalay,Member,Male,Sports and travel,51.31,4,10.26,215.5,2024-03-30,13:19,Credit card,205.24,4.7619,10.26,9.0
182-93-1519,A,Yangon,Normal,Male,Sports and travel,59.74,1,2.99,62.73,2024-03-22,10:44,Ewallet,59.74,4.7619,2.99,4.5
965-65-6427,C,Naypyitaw,Member,Female,Electronic accessories,29.03,10,14.52,304.82,2024-03-01,14:02,Ewallet,290.3,4.7619,14.52,8.1
387-79-1539,A,Yangon,Normal,Female,Electronic accessories,62.83,7,21.99,461.8,2024-01-10,14:10,Credit card,439.81,4.7619,21.99,5.4
954-59-9856,B,Mandalay,Normal,Female,Fashion accessories,75.17,9,33.83,710.36,2024-02-14,10:06,Cash,676.53,4.7619,33.83,5.4
177-53-7499,B,Mandalay,Member,Male,Sports and travel,54.15,6,16.25,341.15,2024-03-11,16:27,Ewallet,324.9,4.7619,16.25,8.1
776-58-2404,C,Naypyitaw,Normal,Female,Fashion accessories,16.61,5,4.15,87.2,2024-01-20,16:45,Credit card,83.05,4.7619,4.15,4.9
498-50-6909,A,Yangon,Member,Female,Home and lifestyle,50.02,5,12.51,262.61,2024-01-14,12:05,Ewallet,250.1,4.7619,12.51,6.6
670-81-9395,B,Mandalay,Member,Female,Health and beauty,41.85,2,4.19,87.89,2024-03-17,19:50,Cash,83.7,4.7619,4.19,9.2
112-47-7779,B,Mandalay,Member,Female,Food and beverages,56.89,7,19.91,418.14,2024-01-22,12:17,Cash,398.23,4.7619,19.91,5.6
249-18-3739,B,Mandalay,Normal,Male,Home and lifestyle,53.58,2,5.36,112.52,2024-02-16,14:15,Credit card,107.16,4.7619,5.36,7.8
708-88-4203,B,Mandalay,Member,Female,Home and lifestyle,10.61,7,3.71,77.98,2024-02-12,19:24,Cash,74.27,4.7619,3.71,6.6
540-93-3230,B,Mandalay,Normal,Female,Sports and travel,38.27,7,13.39,281.28,2024-02-10,14:47,Credit card,267.89,4.7619,13.39,7.8
689-41-6339,B,Mandalay,Normal,Male,Home and lifestyle,20.25,10,10.12,212.62,2024-01-26,19:34,Ewallet,202.5,4.7619,10.12,8.1
663-13-8563,C,Naypyitaw,Member,Male,Home and lifestyle,84.81,2,8.48,178.1,2024-02-22,20:31,Ewallet,169.62,4.7619,8.48,7.8
347-42-3525,C,Naypyitaw,Normal,Male,Health and beauty,50.41,10,25.21,529.31,2024-03-02,19:25,Credit card,504.1,4.7619,25.21,7.0
990-98-7853,C,Naypyitaw,Member,Male,Fashion accessories,90.59,9,40.77,856.08,2024-03-17,20:58,Ewallet,815.31,4.7619,40.77,4.7
354-94-6816,A,Yangon,Member,Male,Home and lifestyle,96.9,7,33.91,712.21,2024-01-14,10:06,Cash,678.3,4.7619,33.91,5.3
864-76-4621,B,Mandalay,Normal,Male,Sports and travel,79.5,10,39.75,834.75,2024-03-29,18:09,Cash,795.0,4.7619,39.75,10.0
594-23-5840,B,Mandalay,Member,Female,Fashion accessories,22.75,5,5.69,119.44,2024-02-13,17:50,Ewallet,113.75,4.7619,5.69,7.1
456-70-2599,B,Mandalay,Normal,Male,Health and beauty,37.02,2,3.7,77.74,2024-01-03,15:41,Ewallet,74.04,4.7619,3.7,8.1
268-41-9454,A,Yangon,Member,Male,Food and beverages,48.37,8,19.35,406.31,2024-01-30,16:40,Ewallet,386.96,4.7619,19.35,5.1
773-65-7481,A,Yangon,Member,Male,Food and beverages,48.66,1,2.43,51.09,2024-03-31,13:13,Cash,48.66,4.7619,2.43,8.5
928-18-2667,C,Naypyitaw,Member,Male,Home and lifestyle,27.73,2,2.77,58.23,2024-02-03,20:55,Cash,55.46,4.7619,2.77,7.2
754-50-7367,C,Naypyitaw,Normal,Female,Home and lifestyle,41.68,8,16.67,350.11,2024-03-20,12:52,Credit card,333.44,4.7619,16.67,8.2
404-88-2388,C,Naypyitaw,Member,Male,Health and beauty,31.47,2,3.15,66.09,2024-01-24,15:44,Ewallet,62.94,4.7619,3.15,7.1
528-86-3258,C,Naypyitaw,Normal,Male,Electronic accessories,53.8,9,24.21,508.41,2024-03-29,20:59,Ewallet,484.2,4.7619,24.21,7.3
601-46-3298,A,Yangon,Normal,Male,Food and beverages,14.82,6,4.45,93.37,2024-01-02,17:08,Ewallet,88.92,4.7619,4.45,8.9
675-74-9109,B,Mandalay,Normal,Male,Fashion accessories,85.58,8,34.23,718.87,2024-01-22,11:36,Ewallet,684.64,4.7619,34.23,8.8
325-47-1535,B,Mandalay,Member,Male,Electronic accessories,80.26,10,40.13,842.73,2024-03-04,18:32,Ewallet,802.6,4.7619,40.13,7.4
374-79-7010,C,Naypyitaw,Member,Male,Food and beverages,29.67,7,10.38,218.07,2024-01-14,20:48,Ewallet,207.69,4.7619,10.38,5.8
133-67-5305,B,Mandalay,Member,Male,Health and beauty,79.8,4,15.96,335.16,2024-01-27,19:44,Cash,319.2,4.7619,15.96,9.2
724-90-8015,A,Yangon,Member,Female,Electronic accessories,82.48,10,41.24,866.04,2024-02-14,18:17,Credit card,824.8,4.7619,41.24,7.2
431-47-5740,C,Naypyitaw,Normal,Female,Electronic accessories,96.64,7,33.82,710.3,2024-01-08,14:55,Credit card,676.48,4.7619,33.82,4.8
986-26-5090,A,Yangon,Normal,Female,Fashion accessories,45.34,3,6.8,142.82,2024-03-14,20:17,Credit card,136.02,4.7619,6.8,6.5
562-19-2525,B,Mandalay,Normal,Male,Sports and travel,95.51,6,28.65,601.71,2024-03-15,10:55,Credit card,573.06,4.7619,28.65,4.6
569-91-6869,A,Yangon,Normal,Female,Sports and travel,84.23,8,33.69,707.53,2024-02-04,15:53,Cash,673.84,4.7619,33.69,6.0
691-26-8951,B,Mandalay,Member,Female,Health and beauty,66.35,8,26.54,557.34,2024-01-03,11:59,Ewallet,530.8,4.7619,26.54,6.6
100-64-4314,C,Naypyitaw,Member,Male,Electronic accessories,88.69,5,22.17,465.62,2024-01-12,20:23,Cash,443.45,4.7619,22.17,4.5
780-93-3711,A,Yangon,Normal,Male,Fashion accessories,72.94,4,14.59,306.35,2024-02-24,20:05,Credit card,291.76,4.7619,14.59,4.6
318-71-2276,A,Yangon,Member,Male,Health and beauty,10.73,6,3.22,67.6,2024-01-16,16:44,Ewallet,64.38,4.7619,3.22,6.9
334-59-2463,C,Naypyitaw,Member,Female,Home and lifestyle,43.08,5,10.77,226.17,2024-01-18,16:49,Ewallet,215.4,4.7619,10.77,7.8
793-28-2120,C,Naypyitaw,Member,Female,Sports and travel,41.6,4,8.32,174.72,2024-03-21,12:58,Cash,166.4,4.7619,8.32,7.7
553-37-2420,A,Yangon,Member,Female,Food and beverages,75.69,6,22.71,476.85,2024-02-24,15:50,Ewallet,454.14,4.7619,22.71,5.5
760-20-5065,C,Naypyitaw,Normal,Female,Fashion accessories,88.82,4,17.76,373.04,2024-03-07,19:32,Ewallet,355.28,4.7619,17.76,8.5
402-92-1894,A,Yangon,Normal,Male,Health and beauty,31.69,10,15.84,332.74,2024-01-10,18:56,Ewallet,316.9,4.7619,15.84,9.9
424-26-7337,C,Naypyitaw,Normal,Male,Food and beverages,71.46,8,28.58,600.26,2024-01-10,10:37,Ewallet,571.68,4.7619,28.58,4.1
320-15-1990,B,Mandalay,Normal,Male,Sports and travel,73.16,2,7.32,153.64,2024-03-22,18:34,Credit card,146.32,4.7619,7.32,4.9
185-49-2294,C,Naypyitaw,Member,Female,Food and beverages,39.4,10,19.7,413.7,2024-03-22,20:43,Credit card,394.0,4.7619,19.7,4.4
815-65-4909,A,Yangon,Member,Female,Sports and travel,20.44,10,10.22,214.62,2024-03-18,10:19,Credit card,204.4,4.7619,10.22,8.5
858-32-2956,A,Yangon,Member,Female,Electronic accessories,54.67,6,16.4,344.42,2024-03-07,18:50,Credit card,328.02,4.7619,16.4,5.6
480-26-5403,C,Naypyitaw,Member,Female,Home and lifestyle,82.63,5,20.66,433.81,2024-03-08,11:16,Credit card,413.15,4.7619,20.66,9.9
742-19-9128,B,Mandalay,Normal,Female,Sports and travel,87.33,3,13.1,275.09,2024-02-17,12:16,Ewallet,261.99,4.7619,13.1,9.4
790-24-4742,C,Naypyitaw,Member,Female,Health and beauty,32.01,8,12.8,268.88,2024-02-16,16:58,Ewallet,256.08,4.7619,12.8,5.1
978-14-7870,A,Yangon,Normal,Female,Sports and travel,92.42,6,27.73,582.25,2024-02-04,11:36,Cash,554.52,4.7619,27.73,4.7
789-16-3938,A,Yangon,Member,Male,Health and beauty,88.92,5,22.23,466.83,2024-02-09,15:05,Credit card,444.6,4.7619,22.23,6.7
477-35-5777,C,Naypyitaw,Normal,Female,Sports and travel,43.14,8,17.26,362.38,2024-01-26,18:48,Ewallet,345.12,4.7619,17.26,4.9
519-13-4817,C,Naypyitaw,Normal,Female,Home and lifestyle,10.13,7,3.55,74.46,2024-02-09,11:13,Credit card,70.91,4.7619,3.55,9.9
529-72-1981,A,Yangon,Normal,Female,Health and beauty,92.91,9,41.81,878.0,2024-02-22,15:29,Credit card,836.19,4.7619,41.81,4.5
197-74-3187,C,Naypyitaw,Normal,Female,Food and beverages,61.1,7,21.39,449.09,2024-03-25,12:15,Cash,427.7,4.7619,21.39,5.6
422-60-6345,B,Mandalay,Normal,Male,Electronic accessories,16.72,4,3.34,70.22,2024-01-18,19:06,Ewallet,66.88,4.7619,3.34,4.6
560-69-6145,B,Mandalay,Member,Male,Electronic accessories,50.67,8,20.27,425.63,2024-02-03,11:05,Ewallet,405.36,4.7619,20.27,8.8
411-99-1660,A,Yangon,Normal,Female,Health and beauty,74.0,6,22.2,466.2,2024-02-20,18:03,Credit card,444.0,4.7619,22.2,5.8
939-32-1509,B,Mandalay,Normal,Female,Health and beauty,51.58,3,7.74,162.48,2024-01-16,10:03,Ewallet,154.74,4.7619,7.74,4.8
943-61-7098,C,Naypyitaw,Member,Male,Health and beauty,11.96,2,1.2,25.12,2024-01-26,20:28,Ewallet,23.92,4.7619,1.2,4.6
967-52-3007,A,Yangon,Normal,Female,Electronic accessories,93.16,7,32.61,684.73,2024-02-20,17:01,Cash,652.12,4.7619,32.61,8.1
276-55-4517,A,Yangon,Normal,Male,Sports and travel,89.5,1,4.48,93.98,2024-03-19,19:39,Ewallet,89.5,4.7619,4.48,7.9
610-62-8848,A,Yangon,Member,Male,Sports and travel,22.35,4,4.47,93.87,2024-03-23,18:15,Credit card,89.4,4.7619,4.47,10.0
656-12-7266,C,Naypyitaw,Normal,Male,Food and beverages,80.32,6,24.1,506.02,2024-03-13,18:20,Cash,481.92,4.7619,24.1,5.6
126-50-4588,A,Yangon,Normal,Female,Sports and travel,57.64,10,28.82,605.22,2024-01-30,12:06,Ewallet,576.4,4.7619,28.82,7.9
372-78-1916,A,Yangon,Normal,Male,Electronic accessories,25.85,10,12.93,271.43,2024-02-10,15:58,Credit card,258.5,4.7619,12.93,4.2
817-55-3328,C,Naypyitaw,Member,Male,Food and beverages,37.81,8,15.12,317.6,2024-01-05,11:03,Ewallet,302.48,4.7619,15.12,7.6
120-77-8831,A,Yangon,Normal,Female,Electronic accessories,40.66,3,6.1,128.08,2024-02-11,10:01,Ewallet,121.98,4.7619,6.1,7.5
245-24-9622,B,Mandalay,Member,Male,Fashion accessories,94.76,7,33.17,696.49,2024-03-16,11:21,Cash,663.32,4.7619,33.17,5.9
261-65-8982,C,Naypyitaw,Normal,Female,Fashion accessories,97.18,10,48.59,1020.39,2024-02-15,13:42,Credit card,971.8,4.7619,48.59,8.9
487-49-5825,A,Yangon,Member,Female,Fashion accessories,95.37,7,33.38,700.97,2024-03-13,10:11,Credit card,667.59,4.7619,33.38,5.9
928-88-4619,C,Naypyitaw,Member,Male,Electronic accessories,39.8,2,3.98,83.58,2024-01-31,15:20,Ewallet,79.6,4.7619,3.98,7.8
190-95-6500,B,Mandalay,Member,Male,Electronic accessories,32.46,2,3.25,68.17,2024-02-14,14:50,Ewallet,64.92,4.7619,3.25,8.3
149-59-8179,C,Naypyitaw,Normal,Female,Sports and travel,54.37,7,19.03,399.62,2024-02-14,18:24,Ewallet,380.59,4.7619,19.03,9.0
907-83-4695,A,Yangon,Normal,Female,Health and beauty,36.54,6,10.96,230.2,2024-02-03,11:04,Cash,219.24,4.7619,10.96,5.0
484-30-2228,C,Naypyitaw,Member,Male,Food and beverages,98.66,8,39.46,828.74,2024-03-31,10:27,Credit card,789.28,4.7619,39.46,5.0
544-30-1877,A,Yangon,Normal,Female,Electronic accessories,46.83,9,21.07,442.54,2024-03-10,14:42,Cash,421.47,4.7619,21.07,5.8
198-16-7437,C,Naypyitaw,Normal,Female,Health and beauty,42.47,7,14.86,312.15,2024-01-12,14:52,Credit card,297.29,4.7619,14.86,7.8
591-35-2589,A,Yangon,Member,Female,Fashion accessories,36.26,2,3.63,76.15,2024-03-01,11:19,Cash,72.52,4.7619,3.63,6.8
776-43-2493,C,Naypyitaw,Normal,Female,Home and lifestyle,89.69,6,26.91,565.05,2024-01-24,17:02,Cash,538.14,4.7619,26.91,6.6
369-38-5400,C,Naypyitaw,Member,Female,Fashion accessories,70.07,2,7.01,147.15,2024-03-26,15:51,Credit card,140.14,4.7619,7.01,6.5
874-85-4727,C,Naypyitaw,Member,Male,Food and beverages,47.67,9,21.45,450.48,2024-03-28,17:36,Ewallet,429.03,4.7619,21.45,6.9
180-60-1568,C,Naypyitaw,Member,Female,Sports and travel,25.56,3,3.83,80.51,2024-01-28,13:08,Ewallet,76.68,4.7619,3.83,6.5
799-65-4308,C,Naypyitaw,Member,Male,Home and lifestyle,91.96,2,9.2,193.12,2024-01-12,16:35,Cash,183.92,4.7619,9.2,7.3
977-45-9514,B,Mandalay,Member,Male,Health and beauty,47.3,3,7.1,149.0,2024-03-13,19:37,Ewallet,141.9,4.7619,7.1,9.5
676-22-5687,C,Naypyitaw,Normal,Male,Home and lifestyle,44.47,8,17.79,373.55,2024-03-14,19:30,Ewallet,355.76,4.7619,17.79,5.0
512-28-7581,A,Yangon,Normal,Male,Fashion accessories,31.38,8,12.55,263.59,2024-02-04,15:01,Cash,251.04,4.7619,12.55,8.9
410-49-5593,B,Mandalay,Member,Female,Electronic accessories,37.04,8,14.82,311.14,2024-02-11,14:46,Cash,296.32,4.7619,14.82,7.6
191-34-8237,A,Yangon,Normal,Male,Food and beverages,88.04,1,4.4,92.44,2024-03-06,12:04,Cash,88.04,4.7619,4.4,8.3
513-27-9589,C,Naypyitaw,Member,Female,Electronic accessories,88.76,4,17.75,372.79,2024-01-08,13:02,Cash,355.04,4.7619,17.75,4.3
469-35-5488,B,Mandalay,Normal,Male,Fashion accessories,93.07,1,4.65,97.72,2024-01-31,15:31,Credit card,93.07,4.7619,4.65,6.7
991-70-6730,B,Mandalay,Member,Male,Fashion accessories,84.77,2,8.48,178.02,2024-02-06,10:24,Ewallet,169.54,4.7619,8.48,5.0
685-37-4626,C,Naypyitaw,Member,Female,Home and lifestyle,68.64,9,30.89,648.65,2024-01-03,20:00,Cash,617.76,4.7619,30.89,9.5
762-32-1138,A,Yangon,Normal,Male,Fashion accessories,97.02,5,24.26,509.36,2024-02-24,16:54,Cash,485.1,4.7619,24.26,6.8
323-69-5950,C,Naypyitaw,Normal,Female,Health and beauty,56.03,6,16.81,352.99,2024-03-12,20:38,Credit card,336.18,4.7619,16.81,5.7
800-23-8892,A,Yangon,Normal,Male,Fashion accessories,39.26,5,9.82,206.12,2024-02-03,20:45,Credit card,196.3,4.7619,9.82,5.8
253-76-4937,A,Yangon,Normal,Male,Fashion accessories,22.59,1,1.13,23.72,2024-03-24,17:18,Cash,22.59,4.7619,1.13,9.4
514-59-1578,C,Naypyitaw,Member,Male,Fashion accessories,74.2,9,33.39,701.19,2024-03-22,17:58,Credit card,667.8,4.7619,33.39,6.2
407-31-3967,B,Mandalay,Member,Male,Electronic accessories,76.68,9,34.51,724.63,2024-01-24,20:57,Cash,690.12,4.7619,34.51,7.9
327-55-4659,C,Naypyitaw,Normal,Male,Home and lifestyle,43.45,10,21.73,456.23,2024-02-07,17:54,Ewallet,434.5,4.7619,21.73,6.8
987-91-2166,B,Mandalay,Member,Female,Fashion accessories,44.35,5,11.09,232.84,2024-02-22,10:55,Ewallet,221.75,4.7619,11.09,4.8
305-53-7704,C,Naypyitaw,Normal,Female,Home and lifestyle,87.61,3,13.14,275.97,2024-01-11,17:21,Credit card,262.83,4.7619,13.14,9.9
420-91-1950,A,Yangon,Normal,Male,Electronic accessories,78.5,3,11.78,247.28,2024-03-14,12:31,Ewallet,235.5,4.7619,11.78,4.8
544-91-8035,B,Mandalay,Normal,Male,Sports and travel,10.42,9,4.69,98.47,2024-01-26,15:00,Cash,93.78,4.7619,4.69,8.5
643-34-1293,C,Naypyitaw,Member,Female,Electronic accessories,72.41,6,21.72,456.18,2024-02-09,12:06,Cash,434.46,4.7619,21.72,7.0
413-31-2069,A,Yangon,Normal,Male,Sports and travel,75.5,10,37.75,792.75,2024-03-08,15:27,Credit card,755.0,4.7619,37.75,10.0
450-72-6885,A,Yangon,Member,Male,Health and beauty,30.56,3,4.58,96.26,2024-01-28,10:37,Credit card,91.68,4.7619,4.58,5.0
475-93-1612,B,Mandalay,Normal,Female,Food and beverages,99.51,2,9.95,208.97,2024-03-24,10:03,Credit card,199.02,4.7619,9.95,4.7
554-58-3024,C,Naypyitaw,Normal,Male,Fashion accessories,23.78,1,1.19,24.97,2024-02-08,16:42,Ewallet,23.78,4.7619,1.19,8.0
376-89-3247,B,Mandalay,Member,Female,Home and lifestyle,20.26,2,2.03,42.55,2024-03-04,13:38,Ewallet,40.52,4.7619,2.03,8.7
951-76-4304,B,Mandalay,Normal,Male,Electronic accessories,13.55,8,5.42,113.82,2024-01-27,17:21,Ewallet,108.4,4.7619,5.42,4.0
787-21-2809,C,Naypyitaw,Normal,Female,Health and beauty,80.15,2,8.02,168.32,2024-01-13,14:41,Ewallet,160.3,4.7619,8.02,6.7
403-43-8606,A,Yangon,Member,Female,Health and beauty,86.69,6,26.01,546.15,2024-03-27,15:27,Credit card,520.14,4.7619,26.01,4.7
971-15-1158,A,Yangon,Member,Male,Home and lifestyle,90.5,10,45.25,950.25,2024-02-04,11:23,Cash,905.0,4.7619,45.25,5.1
510-61-8479,B,Mandalay,Normal,Male,Sports and travel,68.39,3,10.26,215.43,2024-01-15,12:44,Credit card,205.17,4.7619,10.26,4.4
964-30-2699,B,Mandalay,Normal,Male,Electronic accessories,65.01,6,19.5,409.56,2024-03-19,10:55,Credit card,390.06,4.7619,19.5,9.3
844-26-8914,B,Mandalay,Member,Male,Sports and travel,14.14,5,3.54,74.24,2024-03-24,15:00,Credit card,70.7,4.7619,3.54,9.2
637-83-4669,C,Naypyitaw,Normal,Female,Sports and travel,69.55,4,13.91,292.11,2024-03-02,15:42,Credit card,278.2,4.7619,13.91,7.8
252-81-1894,A,Yangon,Member,Male,Sports and travel,88.24,2,8.82,185.3,2024-03-03,15:15,Cash,176.48,4.7619,8.82,9.8
151-74-4648,C,Naypyitaw,Normal,Male,Electronic accessories,17.09,8,6.84,143.56,2024-03-14,17:05,Cash,136.72,4.7619,6.84,6.7
221-73-1291,A,Yangon,Normal,Male,Health and beauty,60.14,1,3.01,63.15,2024-01-12,19:39,Credit card,60.14,4.7619,3.01,5.8
620-81-4389,C,Naypyitaw,Normal,Male,Home and lifestyle,84.27,4,16.85,353.93,2024-02-28,15:35,Credit card,337.08,4.7619,16.85,7.6
833-94-6952,C,Naypyitaw,Normal,Female,Health and beauty,78.33,4,15.67,328.99,2024-01-01,15:22,Credit card,313.32,4.7619,15.67,9.8
398-80-9552,B,Mandalay,Member,Female,Electronic accessories,54.31,7,19.01,399.18,2024-01-14,14:39,Ewallet,380.17,4.7619,19.01,5.1
972-60-4532,B,Mandalay,Member,Male,Health and beauty,78.14,1,3.91,82.05,2024-03-22,20:37,Ewallet,78.14,4.7619,3.91,8.6
561-68-9260,A,Yangon,Normal,Female,Food and beverages,76.25,9,34.31,720.56,2024-02-25,19:30,Credit card,686.25,4.7619,34.31,8.7
281-98-3845,C,Naypyitaw,Member,Female,Sports and travel,69.17,10,34.59,726.29,2024-02-11,18:56,Cash,691.7,4.7619,34.59,6.5
723-98-5067,B,Mandalay,Normal,Male,Home and lifestyle,50.75,3,7.61,159.86,2024-01-18,16:38,Credit card,152.25,4.7619,7.61,9.3
624-48-9975,B,Mandalay,Member,Female,Electronic accessories,66.17,5,16.54,347.39,2024-03-28,15:58,Credit card,330.85,4.7619,16.54,4.8
827-93-3913,C,Naypyitaw,Normal,Female,Home and lifestyle,60.6,10,30.3,636.3,2024-03-14,20:45,Cash,606.0,4.7619,30.3,8.0
961-78-5684,B,Mandalay,Member,Female,Health and beauty,44.27,1,2.21,46.48,2024-03-26,10:12,Cash,44.27,4.7619,2.21,8.5
264-46-5105,A,Yangon,Member,Male,Electronic accessories,77.82,1,3.89,81.71,2024-02-15,17:06,Credit card,77.82,4.7619,3.89,9.2
857-81-4675,C,Naypyitaw,Normal,Female,Food and beverages,80.58,5,20.14,423.04,2024-03-29,20:03,Cash,402.9,4.7619,20.14,6.3
907-97-6122,C,Naypyitaw,Member,Female,Fashion accessories,32.62,10,16.31,342.51,2024-02-26,13:58,Credit card,326.2,4.7619,16.31,8.2
763-57-9955,C,Naypyitaw,Member,Female,Home and lifestyle,50.39,2,5.04,105.82,2024-01-24,12:47,Credit card,100.78,4.7619,5.04,4.7
141-64-5572,C,Naypyitaw,Normal,Female,Electronic accessories,62.55,5,15.64,328.39,2024-01-01,15:29,Credit card,312.75,4.7619,15.64,9.6
140-29-6285,C,Naypyitaw,Member,Male,Sports and travel,81.08,9,36.49,766.21,2024-02-15,11:50,Credit card,729.72,4.7619,36.49,5.9
325-33-9529,A,Yangon,Member,Male,Food and beverages,58.33,2,5.83,122.49,2024-02-14,13:56,Ewallet,116.66,4.7619,5.83,8.0
439-56-5809,A,Yangon,Normal,Female,Health and beauty,70.2,8,28.08,589.68,2024-01-31,20:39,Credit card,561.6,4.7619,28.08,5.5
140-97-6258,B,Mandalay,Member,Male,Home and lifestyle,58.62,5,14.66,307.76,2024-01-04,18:52,Cash,293.1,4.7619,14.66,7.1
620-67-8975,A,Yangon,Normal,Female,Home and lifestyle,56.25,2,5.62,118.12,2024-01-22,18:34,Ewallet,112.5,4.7619,5.62,7.8
315-95-4492,C,Naypyitaw,Normal,Female,Electronic accessories,58.39,7,20.44,429.17,2024-03-23,11:47,Credit card,408.73,4.7619,20.44,4.9
570-52-1620,A,Yangon,Member,Female,Electronic accessories,81.47,9,36.66,769.89,2024-01-10,19:52,Ewallet,733.23,4.7619,36.66,9.5
517-59-8391,C,Naypyitaw,Normal,Male,Home and lifestyle,11.52,2,1.15,24.19,2024-03-09,10:41,Credit card,23.04,4.7619,1.15,7.7
874-84-1745,C,Naypyitaw,Member,Male,Food and beverages,19.55,5,4.89,102.64,2024-03-18,11:18,Cash,97.75,4.7619,4.89,6.3
941-94-1504,B,Mandalay,Member,Female,Electronic accessories,77.2,9,34.74,729.54,2024-02-07,20:09,Cash,694.8,4.7619,34.74,8.1
914-92-7113,A,Yangon,Member,Female,Health and beauty,10.45,10,5.23,109.73,2024-02-20,18:35,Ewallet,104.5,4.7619,5.23,5.8
866-54-4469,B,Mandalay,Member,Female,Electronic accessories,29.87,5,7.47,156.82,2024-01-25,11:11,Credit card,149.35,4.7619,7.47,8.8
972-16-9992,B,Mandalay,Member,Male,Fashion accessories,16.06,2,1.61,33.73,2024-01-26,19:31,Cash,32.12,4.7619,1.61,6.1
787-93-4842,A,Yangon,Normal,Female,Electronic accessories,38.6,8,15.44,324.24,2024-02-12,19:42,Cash,308.8,4.7619,15.44,8.2
256-82-6971,B,Mandalay,Normal,Female,Health and beauty,38.19,4,7.64,160.4,2024-03-23,16:17,Cash,152.76,4.7619,7.64,4.8
850-52-8863,B,Mandalay,Normal,Male,Home and lifestyle,53.82,2,5.38,113.02,2024-01-23,20:38,Ewallet,107.64,4.7619,5.38,9.1
979-27-9824,A,Yangon,Normal,Female,Fashion accessories,16.79,1,0.84,17.63,2024-03-05,20:01,Credit card,16.79,4.7619,0.84,7.5
887-85-4485,A,Yangon,Normal,Male,Fashion accessories,79.76,6,23.93,502.49,2024-02-20,13:57,Credit card,478.56,4.7619,23.93,8.4
397-27-8613,C,Naypyitaw,Member,Male,Home and lifestyle,55.19,4,11.04,231.8,2024-03-19,20:10,Credit card,220.76,4.7619,11.04,4.8
263-32-3395,C,Naypyitaw,Normal,Male,Health and beauty,29.69,8,11.88,249.4,2024-01-30,11:16,Cash,237.52,4.7619,11.88,5.4
784-36-9485,B,Mandalay,Normal,Male,Sports and travel,89.33,1,4.47,93.8,2024-03-24,15:06,Credit card,89.33,4.7619,4.47,9.8
748-45-5314,C,Naypyitaw,Member,Male,Fashion accessories,44.06,10,22.03,462.63,2024-03-24,11:33,Cash,440.6,4.7619,22.03,6.3
328-76-7649,B,Mandalay,Normal,Male,Sports and travel,89.84,1,4.49,94.33,2024-03-05,12:28,Ewallet,89.84,4.7619,4.49,5.4
626-92-5600,A,Yangon,Member,Female,Electronic accessories,42.6,2,4.26,89.46,2024-03-25,13:26,Cash,85.2,4.7619,4.26,8.3
593-96-8844,B,Mandalay,Member,Female,Fashion accessories,84.99,1,4.25,89.24,2024-02-01,10:08,Credit card,84.99,4.7619,4.25,7.6
237-90-9399,A,Yangon,Member,Female,Electronic accessories,33.24,3,4.99,104.71,2024-03-07,16:38,Credit card,99.72,4.7619,4.99,7.8
999-94-5644,A,Yangon,Member,Male,Food and beverages,99.34,8,39.74,834.46,2024-01-22,13:53,Cash,794.72,4.7619,39.74,7.6
913-84-3979,C,Naypyitaw,Normal,Female,Fashion accessories,71.7,8,28.68,602.28,2024-03-17,19:04,Ewallet,573.6,4.7619,28.68,6.3
235-23-1271,A,Yangon,Normal,Female,Food and beverages,18.67,8,7.47,156.83,2024-03-19,19:02,Credit card,149.36,4.7619,7.47,7.0
220-21-8901,C,Naypyitaw,Member,Female,Fashion accessories,68.42,9,30.79,646.57,2024-02-23,15:55,Ewallet,615.78,4.7619,30.79,8.2
539-39-8899,B,Mandalay,Normal,Female,Sports and travel,22.05,8,8.82,185.22,2024-01-30,11:18,Credit card,176.4,4.7619,8.82,9.3
518-42-4096,A,Yangon,Member,Female,Food and beverages,10.65,4,2.13,44.73,2024-03-29,15:26,Cash,42.6,4.7619,2.13,4.6
536-93-5155,B,Mandalay,Normal,Male,Food and beverages,34.8,7,12.18,255.78,2024-01-27,16:35,Credit card,243.6,4.7619,12.18,6.9
479-81-8925,B,Mandalay,Normal,Male,Fashion accessories,45.83,3,6.87,144.36,2024-03-25,11:47,Ewallet,137.49,4.7619,6.87,6.7
816-30-2642,A,Yangon,Normal,Male,Food and beverages,65.26,1,3.26,68.52,2024-01-21,16:40,Ewallet,65.26,4.7619,3.26,8.8
943-28-8727,C,Naypyitaw,Normal,Female,Health and beauty,33.68,6,10.1,212.18,2024-01-11,19:02,Credit card,202.08,4.7619,10.1,6.3
510-88-9536,B,Mandalay,Member,Female,Fashion accessories,54.49,1,2.72,57.21,2024-01-26,20:59,Credit card,54.49,4.7619,2.72,5.7
134-86-9364,C,Naypyitaw,Member,Female,Fashion accessories,13.25,4,2.65,55.65,2024-03-24,10:10,Ewallet,53.0,4.7619,2.65,10.0
898-61-6785,C,Naypyitaw,Normal,Male,Food and beverages,28.03,1,1.4,29.43,2024-03-31,11:58,Ewallet,28.03,4.7619,1.4,7.3
843-81-6703,B,Mandalay,Normal,Female,Food and beverages,96.67,8,38.67,812.03,2024-02-21,19:00,Cash,773.36,4.7619,38.67,5.1
618-23-2185,C,Naypyitaw,Normal,Male,Health and beauty,82.26,5,20.57,431.87,2024-03-09,19:16,Credit card,411.3,4.7619,20.57,6.7
486-82-8923,A,Yangon,Normal,Male,Fashion accessories,51.46,10,25.73,540.33,2024-01-04,17:07,Cash,514.6,4.7619,25.73,4.4
748-38-4767,B,Mandalay,Normal,Male,Food and beverages,58.2,5,14.55,305.55,2024-02-01,14:05,Cash,291.0,4.7619,14.55,8.0
940-53-2245,C,Naypyitaw,Member,Male,Home and lifestyle,41.81,10,20.91,439.01,2024-02-04,12:47,Credit card,418.1,4.7619,20.91,9.6
294-73-4271,A,Yangon,Member,Male,Electronic accessories,30.63,4,6.13,128.65,2024-03-20,15:09,Ewallet,122.52,4.7619,6.13,4.7
180-96-9071,C,Naypyitaw,Member,Female,Sports and travel,43.4,6,13.02,273.42,2024-03-04,19:55,Cash,260.4,4.7619,13.02,6.9
882-75-5591,B,Mandalay,Member,Female,Health and beauty,57.31,7,20.06,421.23,2024-03-02,18:02,Credit card,401.17,4.7619,20.06,6.1
981-97-3863,B,Mandalay,Member,Male,Home and lifestyle,72.02,1,3.6,75.62,2024-03-27,13:24,Credit card,72.02,4.7619,3.6,4.6
470-88-5254,A,Yangon,Normal,Female,Home and lifestyle,52.42,10,26.21,550.41,2024-02-13,15:11,Cash,524.2,4.7619,26.21,6.5
529-99-7099,B,Mandalay,Normal,Male,Sports and travel,26.19,3,3.93,82.5,2024-03-14,20:14,Ewallet,78.57,4.7619,3.93,8.3
923-40-8081,B,Mandalay,Member,Female,Fashion accessories,23.46,1,1.17,24.63,2024-01-23,16:31,Ewallet,23.46,4.7619,1.17,10.0
969-90-9470,C,Naypyitaw,Normal,Male,Home and lifestyle,32.59,10,16.29,342.19,2024-01-07,16:06,Credit card,325.9,4.7619,16.29,5.0
320-42-8807,C,Naypyitaw,Member,Male,Fashion accessories,40.12,6,12.04,252.76,2024-02-16,18:35,Cash,240.72,4.7619,12.04,6.1
521-25-6752,C,Naypyitaw,Member,Female,Home and lifestyle,41.96,9,18.88,396.52,2024-03-03,17:56,Ewallet,377.64,4.7619,18.88,6.3
393-69-3373,A,Yangon,Normal,Male,Fashion accessories,65.1,7,22.79,478.49,2024-01-10,11:10,Cash,455.7,4.7619,22.79,5.4
424-93-5773,C,Naypyitaw,Normal,Male,Home and lifestyle,89.88,6,26.96,566.24,2024-03-16,18:28,Cash,539.28,4.7619,26.96,5.0
974-12-3048,C,Naypyitaw,Member,Male,Fashion accessories,73.06,2,7.31,153.43,2024-01-27,12:25,Ewallet,146.12,4.7619,7.31,4.6
999-70-9985,A,Yangon,Member,Male,Food and beverages,78.84,2,7.88,165.56,2024-01-14,14:39,Ewallet,157.68,4.7619,7.88,4.5
499-49-4757,A,Yangon,Normal,Male,Fashion accessories,21.38,9,9.62,202.04,2024-01-22,10:02,Credit card,192.42,4.7619,9.62,6.1
433-70-8654,C,Naypyitaw,Normal,Male,Electronic accessories,97.25,9,43.76,919.01,2024-01-23,19:38,Cash,875.25,4.7619,43.76,7.8
751-82-8126,C,Naypyitaw,Normal,Male,Sports and travel,58.56,2,5.86,122.98,2024-02-26,14:23,Cash,117.12,4.7619,5.86,5.6
410-11-1001,C,Naypyitaw,Member,Male,Home and lifestyle,52.22,1,2.61,54.83,2024-03-29,17:48,Cash,52.22,4.7619,2.61,5.8
884-65-5799,C,Naypyitaw,Member,Female,Food and beverages,43.62,7,15.27,320.61,2024-03-12,16:25,Ewallet,305.34,4.7619,15.27,5.0
854-92-7385,B,Mandalay,Member,Male,Health and beauty,48.0,4,9.6,201.6,2024-03-07,19:51,Credit card,192.0,4.7619,9.6,8.1
391-93-9715,B,Mandalay,Normal,Female,Health and beauty,26.41,5,6.6,138.65,2024-01-15,20:29,Credit card,132.05,4.7619,6.6,6.7
817-89-9060,A,Yangon,Normal,Female,Electronic accessories,14.47,9,6.51,136.74,2024-01-03,12:06,Cash,130.23,4.7619,6.51,5.6
832-66-1134,A,Yangon,Member,Female,Health and beauty,54.42,6,16.33,342.85,2024-02-23,14:50,Cash,326.52,4.7619,16.33,10.0
574-99-1519,B,Mandalay,Member,Female,Health and beauty,33.98,7,11.89,249.75,2024-01-10,18:30,Ewallet,237.86,4.7619,11.89,5.2
961-42-7251,A,Yangon,Member,Female,Sports and travel,79.4,8,31.76,666.96,2024-02-01,10:12,Cash,635.2,4.7619,31.76,8.4
196-76-4415,B,Mandalay,Normal,Male,Home and lifestyle,24.27,1,1.21,25.48,2024-03-11,18:07,Cash,24.27,4.7619,1.21,6.9
405-35-6905,A,Yangon,Member,Female,Electronic accessories,66.96,6,20.09,421.85,2024-01-02,12:50,Cash,401.76,4.7619,20.09,7.5
505-41-1146,A,Yangon,Normal,Female,Home and lifestyle,79.36,4,15.87,333.31,2024-01-21,17:05,Credit card,317.44,4.7619,15.87,7.7
877-90-1983,A,Yangon,Normal,Female,Fashion accessories,58.27,2,5.83,122.37,2024-01-17,17:14,Cash,116.54,4.7619,5.83,9.9
907-92-6690,B,Mandalay,Member,Female,Fashion accessories,44.0,3,6.6,138.6,2024-02-02,10:31,Credit card,132.0,4.7619,6.6,6.6
401-79-9029,A,Yangon,Member,Male,Home and lifestyle,75.91,5,18.98,398.53,2024-03-17,18:10,Ewallet,379.55,4.7619,18.98,7.2
560-47-5314,C,Naypyitaw,Normal,Male,Health and beauty,79.82,9,35.92,754.3,2024-02-18,12:56,Ewallet,718.38,4.7619,35.92,7.7
472-89-4912,B,Mandalay,Member,Male,Electronic accessories,57.16,8,22.86,480.14,2024-03-11,12:39,Cash,457.28,4.7619,22.86,5.9
756-51-2809,A,Yangon,Member,Female,Electronic accessories,26.08,1,1.3,27.38,2024-01-26,11:31,Ewallet,26.08,4.7619,1.3,4.6
684-92-7366,C,Naypyitaw,Normal,Male,Health and beauty,42.97,10,21.48,451.18,2024-01-10,10:59,Ewallet,429.7,4.7619,21.48,7.9
952-20-8668,C,Naypyitaw,Member,Male,Food and beverages,76.91,7,26.92,565.29,2024-02-17,10:52,Credit card,538.37,4.7619,26.92,5.6
141-19-5979,A,Yangon,Member,Female,Health and beauty,75.26,9,33.87,711.21,2024-02-19,13:12,Credit card,677.34,4.7619,33.87,7.9
683-90-3931,C,Naypyitaw,Normal,Female,Fashion accessories,61.88,8,24.75,519.79,2024-03-30,20:27,Ewallet,495.04,4.7619,24.75,5.0
284-80-7579,C,Naypyitaw,Normal,Female,Food and beverages,99.85,8,39.94,838.74,2024-02-15,15:35,Cash,798.8,4.7619,39.94,9.1
522-91-8054,C,Naypyitaw,Normal,Female,Food and beverages,59.1,7,20.69,434.39,2024-03-11,14:23,Cash,413.7,4.7619,20.69,6.7
506-10-1567,B,Mandalay,Member,Female,Home and lifestyle,10.59,4,2.12,44.48,2024-01-28,15:01,Credit card,42.36,4.7619,2.12,8.9
666-75-3534,A,Yangon,Member,Male,Home and lifestyle,24.05,5,6.01,126.26,2024-02-16,19:15,Ewallet,120.25,4.7619,6.01,5.5
407-21-7550,C,Naypyitaw,Member,Female,Fashion accessories,39.22,8,15.69,329.45,2024-01-23,17:52,Credit card,313.76,4.7619,15.69,8.2
939-22-5921,A,Yangon,Normal,Female,Health and beauty,92.96,6,27.89,585.65,2024-02-14,16:26,Ewallet,557.76,4.7619,27.89,9.2
332-93-1187,C,Naypyitaw,Normal,Female,Home and lifestyle,57.19,6,17.16,360.3,2024-03-10,19:09,Cash,343.14,4.7619,17.16,7.0
326-29-1827,C,Naypyitaw,Normal,Male,Food and beverages,61.77,2,6.18,129.72,2024-01-29,16:18,Cash,123.54,4.7619,6.18,4.9
444-20-8796,C,Naypyitaw,Member,Male,Home and lifestyle,17.66,9,7.95,166.89,2024-02-25,12:48,Ewallet,158.94,4.7619,7.95,6.9
302-72-7476,C,Naypyitaw,Member,Female,Electronic accessories,16.45,7,5.76,120.91,2024-02-11,20:59,Credit card,115.15,4.7619,5.76,4.5
787-62-7939,B,Mandalay,Normal,Female,Home and lifestyle,41.0,1,2.05,43.05,2024-02-09,12:22,Credit card,41.0,4.7619,2.05,8.9
922-66-3389,B,Mandalay,Member,Female,Electronic accessories,71.68,3,10.75,225.79,2024-01-11,11:47,Ewallet,215.04,4.7619,10.75,5.5
735-28-5713,A,Yangon,Normal,Female,Home and lifestyle,50.5,1,2.53,53.03,2024-02-12,13:47,Credit card,50.5,4.7619,2.53,5.3
659-76-5237,C,Naypyitaw,Normal,Female,Fashion accessories,72.88,1,3.64,76.52,2024-02-18,19:57,Credit card,72.88,4.7619,3.64,7.2
361-31-1984,B,Mandalay,Member,Male,Health and beauty,51.84,1,2.59,54.43,2024-01-09,16:42,Cash,51.84,4.7619,2.59,8.0
775-56-2767,A,Yangon,Normal,Male,Electronic accessories,98.17,9,44.18,927.71,2024-03-31,11:57,Cash,883.53,4.7619,44.18,6.9
711-78-2442,A,Yangon,Member,Male,Food and beverages,93.36,1,4.67,98.03,2024-01-06,13:59,Credit card,93.36,4.7619,4.67,5.8
601-60-3572,A,Yangon,Normal,Male,Home and lifestyle,66.26,4,13.25,278.29,2024-03-05,14:51,Ewallet,265.04,4.7619,13.25,7.8
999-59-1482,C,Naypyitaw,Normal,Female,Electronic accessories,40.76,7,14.27,299.59,2024-03-25,12:05,Credit card,285.32,4.7619,14.27,6.3
794-88-4726,B,Mandalay,Member,Female,Sports and travel,97.34,10,48.67,1022.07,2024-02-12,17:34,Ewallet,973.4,4.7619,48.67,5.2
241-84-9869,C,Naypyitaw,Member,Female,Home and lifestyle,71.96,9,32.38,680.02,2024-01-18,16:58,Ewallet,647.64,4.7619,32.38,7.9
678-30-6201,A,Yangon,Member,Female,Home and lifestyle,85.55,3,12.83,269.48,2024-01-04,15:56,Cash,256.65,4.7619,12.83,9.8
410-66-5485,A,Yangon,Member,Female,Electronic accessories,26.63,10,13.32,279.62,2024-03-19,14:38,Credit card,266.3,4.7619,13.32,7.7
710-39-4783,C,Naypyitaw,Member,Male,Health and beauty,71.93,8,28.77,604.21,2024-01-18,18:54,Credit card,575.44,4.7619,28.77,6.8
765-57-4014,B,Mandalay,Normal,Male,Electronic accessories,24.74,4,4.95,103.91,2024-01-05,16:48,Ewallet,98.96,4.7619,4.95,9.6
522-38-4323,A,Yangon,Member,Female,Sports and travel,88.03,8,35.21,739.45,2024-03-29,15:55,Cash,704.24,4.7619,35.21,9.3
537-61-1685,C,Naypyitaw,Normal,Male,Sports and travel,65.03,10,32.52,682.82,2024-03-17,18:33,Credit card,650.3,4.7619,32.52,9.3
905-14-9530,A,Yangon,Normal,Male,Health and beauty,88.99,4,17.8,373.76,2024-03-07,18:25,Credit card,355.96,4.7619,17.8,4.2
496-76-1807,A,Yangon,Normal,Male,Sports and travel,89.59,5,22.4,470.35,2024-02-29,12:27,Cash,447.95,4.7619,22.4,7.7
155-98-9470,A,Yangon,Normal,Male,Health and beauty,75.03,2,7.5,157.56,2024-01-24,19:57,Credit card,150.06,4.7619,7.5,7.3
502-62-6299,B,Mandalay,Member,Female,Sports and travel,63.12,4,12.62,265.1,2024-02-28,11:16,Cash,252.48,4.7619,12.62,8.2
828-30-3024,A,Yangon,Member,Male,Fashion accessories,42.66,9,19.2,403.14,2024-03-31,16:46,Credit card,383.94,4.7619,19.2,7.7
263-58-7235,A,Yangon,Member,Male,Food and beverages,88.41,3,13.26,278.49,2024-01-21,12:11,Credit card,265.23,4.7619,13.26,4.3
415-49-8311,B,Mandalay,Member,Female,Electronic accessories,96.43,1,4.82,101.25,2024-03-20,14:00,Cash,96.43,4.7619,4.82,7.0
610-79-1094,C,Naypyitaw,Normal,Female,Electronic accessories,62.99,8,25.2,529.12,2024-02-28,16:28,Ewallet,503.92,4.7619,25.2,7.6
106-41-9967,B,Mandalay,Member,Female,Electronic accessories,23.34,6,7.0,147.04,2024-01-05,12:54,Ewallet,140.04,4.7619,7.0,8.0
958-87-5889,B,Mandalay,Member,Female,Health and beauty,47.52,3,7.13,149.69,2024-01-21,20:18,Credit card,142.56,4.7619,7.13,8.0
816-86-3906,B,Mandalay,Normal,Female,Health and beauty,79.16,6,23.75,498.71,2024-02-17,16:52,Ewallet,474.96,4.7619,23.75,8.6
963-80-2063,B,Mandalay,Normal,Female,Health and beauty,72.51,5,18.13,380.68,2024-02-12,18:26,Credit card,362.55,4.7619,18.13,5.3
314-88-1953,A,Yangon,Member,Male,Fashion accessories,71.97,5,17.99,377.84,2024-02-24,19:54,Cash,359.85,4.7619,17.99,5.6
688-89-6797,A,Yangon,Normal,Male,Sports and travel,82.71,10,41.36,868.46,2024-01-30,14:12,Ewallet,827.1,4.7619,41.36,4.7
576-90-2932,C,Naypyitaw,Member,Male,Sports and travel,14.09,6,4.23,88.77,2024-03-12,20:13,Ewallet,84.54,4.7619,4.23,7.8
806-46-5168,A,Yangon,Normal,Male,Food and beverages,59.49,1,2.97,62.46,2024-01-15,20:21,Cash,59.49,4.7619,2.97,6.4
682-88-1477,A,Yangon,Member,Male,Home and lifestyle,93.0,8,37.2,781.2,2024-03-01,10:41,Ewallet,744.0,4.7619,37.2,6.9
742-68-9797,B,Mandalay,Normal,Male,Fashion accessories,15.04,9,6.77,142.13,2024-02-08,19:46,Credit card,135.36,4.7619,6.77,5.9
648-12-4412,C,Naypyitaw,Normal,Male,Health and beauty,97.26,5,24.32,510.62,2024-01-04,15:24,Credit card,486.3,4.7619,24.32,7.2
269-83-7382,A,Yangon,Member,Male,Fashion accessories,87.2,1,4.36,91.56,2024-02-04,16:05,Cash,87.2,4.7619,4.36,9.3
480-67-5958,A,Yangon,Normal,Female,Health and beauty,43.68,1,2.18,45.86,2024-01-26,11:28,Credit card,43.68,4.7619,2.18,4.1
594-74-3524,A,Yangon,Normal,Male,Fashion accessories,88.64,5,22.16,465.36,2024-02-11,12:49,Ewallet,443.2,4.7619,22.16,8.9
628-96-3174,A,Yangon,Member,Male,Sports and travel,74.22,9,33.4,701.38,2024-01-15,10:19,Ewallet,667.98,4.7619,33.4,8.1
708-21-6460,B,Mandalay,Member,Female,Food and beverages,78.95,5,19.74,414.49,2024-01-03,19:48,Cash,394.75,4.7619,19.74,7.8
314-51-4285,A,Yangon,Normal,Male,Food and beverages,38.72,8,15.49,325.25,2024-03-26,11:17,Ewallet,309.76,4.7619,15.49,4.9
217-11-9422,A,Yangon,Member,Male,Food and beverages,38.66,3,5.8,121.78,2024-03-31,14:36,Ewallet,115.98,4.7619,5.8,5.0
418-88-6549,C,Naypyitaw,Normal,Female,Electronic accessories,12.61,1,0.63,13.24,2024-01-14,16:03,Ewallet,12.61,4.7619,0.63,6.6
283-86-8304,C,Naypyitaw,Normal,Male,Home and lifestyle,83.56,9,37.6,789.64,2024-01-11,17:36,Ewallet,752.04,4.7619,37.6,4.6
921-99-8672,A,Yangon,Normal,Male,Fashion accessories,67.99,8,27.2,571.12,2024-03-01,13:14,Ewallet,543.92,4.7619,27.2,9.2
731-43-6954,B,Mandalay,Member,Male,Home and lifestyle,50.79,1,2.54,53.33,2024-01-09,17:07,Cash,50.79,4.7619,2.54,6.9
966-31-5624,B,Mandalay,Member,Female,Sports and travel,83.57,2,8.36,175.5,2024-02-11,18:41,Ewallet,167.14,4.7619,8.36,8.8
645-69-7566,C,Naypyitaw,Normal,Female,Food and beverages,31.93,3,4.79,100.58,2024-03-02,16:04,Cash,95.79,4.7619,4.79,5.2
810-85-8063,B,Mandalay,Normal,Female,Electronic accessories,69.63,2,6.96,146.22,2024-03-14,17:07,Credit card,139.26,4.7619,6.96,7.6
433-81-2599,B,Mandalay,Member,Male,Sports and travel,16.26,2,1.63,34.15,2024-03-28,19:49,Cash,32.52,4.7619,1.63,6.0
760-94-2007,A,Yangon,Member,Female,Food and beverages,91.28,1,4.56,95.84,2024-01-19,20:09,Cash,91.28,4.7619,4.56,7.2
499-88-8326,A,Yangon,Member,Male,Home and lifestyle,61.32,5,15.33,321.93,2024-02-25,15:05,Credit card,306.6,4.7619,15.33,4.0
622-61-3089,B,Mandalay,Member,Male,Food and beverages,97.1,1,4.86,101.96,2024-03-31,18:52,Cash,97.1,4.7619,4.86,4.7
388-13-4854,B,Mandalay,Normal,Male,Fashion accessories,44.45,7,15.56,326.71,2024-02-25,18:13,Credit card,311.15,4.7619,15.56,5.0
242-34-7301,B,Mandalay,Normal,Female,Home and lifestyle,99.76,3,14.96,314.24,2024-01-18,10:04,Credit card,299.28,4.7619,14.96,4.1
838-72-8155,A,Yangon,Member,Female,Fashion accessories,82.53,8,33.01,693.25,2024-03-30,19:59,Cash,660.24,4.7619,33.01,7.7
565-75-7948,C,Naypyitaw,Normal,Male,Home and lifestyle,30.31,7,10.61,222.78,2024-03-18,10:36,Cash,212.17,4.7619,10.61,9.1
342-74-5411,B,Mandalay,Normal,Female,Health and beauty,61.13,6,18.34,385.12,2024-01-15,19:30,Credit card,366.78,4.7619,18.34,4.5
847-77-5578,B,Mandalay,Member,Female,Electronic accessories,52.52,2,5.25,110.29,2024-03-28,20:34,Credit card,105.04,4.7619,5.25,5.9
154-53-9765,A,Yangon,Normal,Male,Food and beverages,91.54,10,45.77,961.17,2024-02-12,16:22,Cash,915.4,4.7619,45.77,5.7
136-98-5981,C,Naypyitaw,Normal,Female,Fashion accessories,52.58,3,7.89,165.63,2024-03-14,10:42,Cash,157.74,4.7619,7.89,8.9
739-13-5699,B,Mandalay,Member,Female,Food and beverages,16.92,5,4.23,88.83,2024-02-02,12:39,Cash,84.6,4.7619,4.23,5.7
363-11-2827,C,Naypyitaw,Member,Female,Fashion accessories,50.19,3,7.53,158.1,2024-02-03,13:31,Ewallet,150.57,4.7619,7.53,8.8
982-14-6617,A,Yangon,Member,Female,Sports and travel,77.74,7,27.21,571.39,2024-02-19,13:42,Cash,544.18,4.7619,27.21,8.4
271-36-6653,A,Yangon,Normal,Female,Health and beauty,25.08,7,8.78,184.34,2024-03-01,14:30,Credit card,175.56,4.7619,8.78,9.7
645-39-7222,C,Naypyitaw,Normal,Male,Home and lifestyle,23.06,7,8.07,169.49,2024-01-02,14:59,Cash,161.42,4.7619,8.07,6.3
423-77-1672,A,Yangon,Normal,Male,Food and beverages,92.61,5,23.15,486.2,2024-02-12,14:17,Ewallet,463.05,4.7619,23.15,5.5
698-60-8554,C,Naypyitaw,Member,Female,Food and beverages,40.36,3,6.05,127.13,2024-02-10,18:00,Credit card,121.08,4.7619,6.05,4.1
169-11-7737,A,Yangon,Member,Male,Home and lifestyle,29.75,5,7.44,156.19,2024-02-02,13:02,Ewallet,148.75,4.7619,7.44,7.7
158-86-4552,C,Naypyitaw,Member,Female,Health and beauty,87.07,3,13.06,274.27,2024-02-18,20:48,Credit card,261.21,4.7619,13.06,7.4
289-24-4018,B,Mandalay,Normal,Male,Fashion accessories,94.25,8,37.7,791.7,2024-02-05,16:44,Credit card,754.0,4.7619,37.7,8.6
431-42-3653,A,Yangon,Normal,Female,Sports and travel,44.97,1,2.25,47.22,2024-02-03,14:11,Cash,44.97,4.7619,2.25,4.4
305-88-7432,A,Yangon,Normal,Female,Electronic accessories,58.65,7,20.53,431.08,2024-01-28,19:41,Ewallet,410.55,4.7619,20.53,9.5
832-43-2692,A,Yangon,Member,Female,Food and beverages,75.47,8,30.19,633.95,2024-01-03,17:09,Credit card,603.76,4.7619,30.19,7.8
138-95-7397,B,Mandalay,Member,Male,Sports and travel,61.71,9,27.77,583.16,2024-03-31,17:30,Cash,555.39,4.7619,27.77,6.4
845-18-9849,A,Yangon,Member,Male,Fashion accessories,83.61,8,33.44,702.32,2024-01-16,19:34,Cash,668.88,4.7619,33.44,6.0
410-61-1904,C,Naypyitaw,Member,Male,Food and beverages,86.79,6,26.04,546.78,2024-01-11,17:48,Cash,520.74,4.7619,26.04,7.9
280-80-1644,B,Mandalay,Member,Male,Fashion accessories,45.11,2,4.51,94.73,2024-03-21,15:31,Ewallet,90.22,4.7619,4.51,9.3
548-34-3292,A,Yangon,Member,Female,Fashion accessories,99.66,4,19.93,418.57,2024-03-03,16:04,Credit card,398.64,4.7619,19.93,7.9
611-78-8361,A,Yangon,Member,Male,Health and beauty,40.39,1,2.02,42.41,2024-02-21,11:13,Credit card,40.39,4.7619,2.02,8.0
569-96-9791,A,Yangon,Member,Female,Health and beauty,76.18,8,30.47,639.91,2024-03-24,10:30,Credit card,609.44,4.7619,30.47,4.3
818-93-3138,A,Yangon,Member,Female,Home and lifestyle,83.86,2,8.39,176.11,2024-02-28,19:10,Credit card,167.72,4.7619,8.39,4.4
937-23-2870,B,Mandalay,Member,Female,Electronic accessories,48.35,7,16.92,355.37,2024-02-11,11:43,Credit card,338.45,4.7619,16.92,7.3
429-37-1746,C,Naypyitaw,Member,Male,Health and beauty,20.87,3,3.13,65.74,2024-02-23,12:44,Cash,62.61,4.7619,3.13,7.3
549-41-1666,A,Yangon,Member,Male,Electronic accessories,11.41,8,4.56,95.84,2024-01-11,10:00,Ewallet,91.28,4.7619,4.56,9.6
823-93-5648,B,Mandalay,Normal,Female,Electronic accessories,22.88,5,5.72,120.12,2024-03-07,17:26,Ewallet,114.4,4.7619,5.72,9.6
725-98-1616,C,Naypyitaw,Member,Male,Food and beverages,95.52,5,23.88,501.48,2024-02-14,16:00,Credit card,477.6,4.7619,23.88,5.4
220-77-2567,C,Naypyitaw,Normal,Female,Sports and travel,79.32,4,15.86,333.14,2024-02-05,10:12,Ewallet,317.28,4.7619,15.86,8.8
801-70-9151,A,Yangon,Member,Female,Health and beauty,68.03,5,17.01,357.16,2024-01-27,16:16,Cash,340.15,4.7619,17.01,7.7
876-68-1709,A,Yangon,Member,Female,Electronic accessories,80.69,8,32.28,677.8,2024-03-06,11:04,Ewallet,645.52,4.7619,32.28,8.3
706-84-6340,B,Mandalay,Member,Male,Electronic accessories,80.1,6,24.03,504.63,2024-01-30,11:15,Credit card,480.6,4.7619,24.03,6.5
304-58-4615,A,Yangon,Normal,Male,Health and beauty,90.14,3,13.52,283.94,2024-01-28,19:29,Ewallet,270.42,4.7619,13.52,6.3
239-68-4181,C,Naypyitaw,Normal,Male,Electronic accessories,40.23,1,2.01,42.24,2024-03-29,19:03,Cash,40.23,4.7619,2.01,4.8
972-69-8513,B,Mandalay,Member,Male,Electronic accessories,89.77,10,44.89,942.59,2024-01-21,20:39,Ewallet,897.7,4.7619,44.89,7.5
666-39-2416,B,Mandalay,Normal,Female,Food and beverages,52.61,8,21.04,441.92,2024-02-05,10:46,Cash,420.88,4.7619,21.04,8.4
352-41-6362,B,Mandalay,Member,Female,Food and beverages,90.83,7,31.79,667.6,2024-01-06,10:30,Credit card,635.81,4.7619,31.79,8.6
134-64-9701,B,Mandalay,Normal,Female,Sports and travel,54.57,2,5.46,114.6,2024-03-12,10:44,Credit card,109.14,4.7619,5.46,6.4
323-26-6872,B,Mandalay,Member,Female,Health and beauty,53.18,5,13.29,279.19,2024-01-21,17:54,Credit card,265.9,4.7619,13.29,8.5
124-68-8598,A,Yangon,Normal,Female,Home and lifestyle,66.41,1,3.32,69.73,2024-03-21,11:24,Credit card,66.41,4.7619,3.32,6.0
133-47-7977,B,Mandalay,Member,Female,Food and beverages,89.27,1,4.46,93.73,2024-03-06,20:23,Ewallet,89.27,4.7619,4.46,4.7
474-69-1669,B,Mandalay,Normal,Female,Fashion accessories,60.29,2,6.03,126.61,2024-03-12,13:08,Cash,120.58,4.7619,6.03,5.4
216-93-8839,C,Naypyitaw,Member,Female,Home and lifestyle,41.74,5,10.44,219.14,2024-03-05,20:27,Cash,208.7,4.7619,10.44,4.3
481-54-8412,B,Mandalay,Member,Male,Fashion accessories,57.87,9,26.04,546.87,2024-02-07,17:39,Cash,520.83,4.7619,26.04,8.8
809-18-4085,B,Mandalay,Member,Female,Sports and travel,90.81,5,22.7,476.75,2024-01-10,11:10,Cash,454.05,4.7619,22.7,4.7
251-73-3465,A,Yangon,Member,Male,Sports and travel,97.25,9,43.76,919.01,2024-01-17,17:22,Cash,875.25,4.7619,43.76,6.7
760-12-5776,A,Yangon,Member,Female,Electronic accessories,85.14,9,38.31,804.57,2024-03-23,15:26,Credit card,766.26,4.7619,38.31,6.1
761-51-8965,C,Naypyitaw,Normal,Male,Home and lifestyle,61.05,5,15.26,320.51,2024-01-22,14:14,Cash,305.25,4.7619,15.26,6.2
395-16-3430,B,Mandalay,Normal,Male,Electronic accessories,65.67,3,9.85,206.86,2024-03-09,14:11,Ewallet,197.01,4.7619,9.85,9.0
809-95-3514,A,Yangon,Member,Female,Health and beauty,99.43,10,49.72,1044.02,2024-01-17,17:16,Cash,994.3,4.7619,49.72,5.1
675-14-6192,B,Mandalay,Member,Male,Sports and travel,58.58,3,8.79,184.53,2024-03-09,14:07,Ewallet,175.74,4.7619,8.79,6.4
611-28-8504,B,Mandalay,Member,Female,Fashion accessories,59.15,9,26.62,558.97,2024-02-12,20:45,Cash,532.35,4.7619,26.62,6.8
396-83-3409,C,Naypyitaw,Normal,Male,Fashion accessories,20.11,8,8.04,168.92,2024-01-06,12:43,Credit card,160.88,4.7619,8.04,4.7
125-61-4610,B,Mandalay,Normal,Female,Home and lifestyle,14.95,4,2.99,62.79,2024-03-15,18:14,Cash,59.8,4.7619,2.99,5.2
185-78-8298,C,Naypyitaw,Member,Male,Electronic accessories,54.14,10,27.07,568.47,2024-03-18,18:03,Credit card,541.4,4.7619,27.07,6.2
251-64-7056,B,Mandalay,Normal,Female,Home and lifestyle,41.04,5,10.26,215.46,2024-02-27,18:05,Ewallet,205.2,4.7619,10.26,8.4
554-63-8249,B,Mandalay,Member,Male,Fashion accessories,90.67,3,13.6,285.61,2024-03-16,19:05,Ewallet,272.01,4.7619,13.6,5.2
586-77-6495,A,Yangon,Normal,Female,Health and beauty,46.85,5,11.71,245.96,2024-02-23,12:35,Cash,234.25,4.7619,11.71,8.3
873-27-4264,A,Yangon,Normal,Male,Food and beverages,54.15,5,13.54,284.29,2024-03-15,14:31,Credit card,270.75,4.7619,13.54,8.4
329-13-1040,A,Yangon,Normal,Male,Fashion accessories,85.07,8,34.03,714.59,2024-01-16,20:42,Cash,680.56,4.7619,34.03,6.5
603-98-5009,A,Yangon,Member,Male,Sports and travel,99.48,2,9.95,208.91,2024-03-17,15:37,Cash,198.96,4.7619,9.95,7.4
989-43-8799,C,Naypyitaw,Member,Male,Food and beverages,75.96,1,3.8,79.76,2024-02-03,12:37,Ewallet,75.96,4.7619,3.8,4.9
572-98-3219,B,Mandalay,Member,Female,Home and lifestyle,42.5,6,12.75,267.75,2024-01-07,14:18,Credit card,255.0,4.7619,12.75,7.8
178-75-4175,C,Naypyitaw,Member,Female,Food and beverages,77.73,9,34.98,734.55,2024-02-11,15:52,Credit card,699.57,4.7619,34.98,8.8
377-97-6939,A,Yangon,Normal,Female,Health and beauty,22.32,5,5.58,117.18,2024-02-17,17:26,Cash,111.6,4.7619,5.58,9.5
266-23-4569,A,Yangon,Member,Female,Food and beverages,65.2,9,29.34,616.14,2024-03-09,18:44,Ewallet,586.8,4.7619,29.34,6.5
178-24-3150,A,Yangon,Normal,Male,Home and lifestyle,72.19,3,10.83,227.4,2024-02-26,19:33,Cash,216.57,4.7619,10.83,5.0
411-13-2943,A,Yangon,Member,Female,Fashion accessories,30.39,3,4.56,95.73,2024-01-27,12:05,Cash,91.17,4.7619,4.56,8.1
902-24-2273,A,Yangon,Normal,Male,Health and beauty,27.67,1,1.38,29.05,2024-03-25,18:37,Ewallet,27.67,4.7619,1.38,6.8
359-15-2085,B,Mandalay,Member,Female,Health and beauty,92.8,4,18.56,389.76,2024-03-16,13:11,Credit card,371.2,4.7619,18.56,6.1
192-28-5544,C,Naypyitaw,Normal,Male,Electronic accessories,86.95,10,43.48,912.98,2024-01-31,18:36,Ewallet,869.5,4.7619,43.48,4.6
692-11-9664,A,Yangon,Member,Male,Electronic accessories,91.14,9,41.01,861.27,2024-01-01,11:59,Ewallet,820.26,4.7619,41.01,9.5
971-70-7004,C,Naypyitaw,Member,Male,Fashion accessories,96.19,3,14.43,303.0,2024-02-15,16:27,Ewallet,288.57,4.7619,14.43,7.1
517-24-6149,A,Yangon,Normal,Female,Food and beverages,22.23,6,6.67,140.05,2024-03-31,14:35,Credit card,133.38,4.7619,6.67,4.2
435-73-2895,B,Mandalay,Normal,Male,Food and beverages,76.25,8,30.5,640.5,2024-01-29,18:26,Cash,610.0,4.7619,30.5,9.9
538-34-2140,B,Mandalay,Normal,Female,Health and beauty,99.88,8,39.95,838.99,2024-03-27,11:25,Cash,799.04,4.7619,39.95,7.1
792-20-2953,A,Yangon,Normal,Male,Fashion accessories,63.14,2,6.31,132.59,2024-01-22,11:23,Ewallet,126.28,4.7619,6.31,6.0
709-61-3011,A,Yangon,Normal,Male,Home and lifestyle,78.83,10,39.41,827.71,2024-03-16,14:48,Credit card,788.3,4.7619,39.41,9.7
464-70-7626,B,Mandalay,Normal,Female,Sports and travel,19.72,5,4.93,103.53,2024-03-03,17:14,Credit card,98.6,4.7619,4.93,9.7
130-22-1865,A,Yangon,Normal,Female,Electronic accessories,44.43,6,13.33,279.91,2024-01-20,14:39,Credit card,266.58,4.7619,13.33,4.6
178-94-9518,B,Mandalay,Normal,Female,Home and lifestyle,69.58,8,27.83,584.47,2024-03-05,14:34,Cash,556.64,4.7619,27.83,8.9
653-79-1289,A,Yangon,Normal,Female,Sports and travel,50.51,7,17.68,371.25,2024-02-26,17:02,Ewallet,353.57,4.7619,17.68,5.1
775-48-3689,B,Mandalay,Normal,Female,Home and lifestyle,74.41,8,29.76,625.04,2024-01-15,19:43,Cash,595.28,4.7619,29.76,8.0
801-79-8697,B,Mandalay,Member,Female,Sports and travel,33.7,10,16.85,353.85,2024-02-18,19:43,Cash,337.0,4.7619,16.85,8.6
391-51-2006,A,Yangon,Member,Female,Home and lifestyle,41.4,10,20.7,434.7,2024-01-04,20:21,Cash,414.0,4.7619,20.7,4.6
453-55-7749,B,Mandalay,Member,Female,Electronic accessories,31.11,5,7.78,163.33,2024-03-16,11:58,Credit card,155.55,4.7619,7.78,4.4
412-24-6531,A,Yangon,Member,Male,Health and beauty,51.48,7,18.02,378.38,2024-03-13,18:57,Cash,360.36,4.7619,18.02,5.6
812-70-1364,B,Mandalay,Normal,Male,Home and lifestyle,61.52,8,24.61,516.77,2024-01-13,20:13,Cash,492.16,4.7619,24.61,7.0
930-95-6563,A,Yangon,Normal,Male,Sports and travel,28.16,2,2.82,59.14,2024-03-09,13:18,Cash,56.32,4.7619,2.82,4.3
687-61-4700,C,Naypyitaw,Member,Female,Food and beverages,40.31,2,4.03,84.65,2024-03-13,18:30,Cash,80.62,4.7619,4.03,5.3
914-19-5945,C,Naypyitaw,Normal,Male,Fashion accessories,58.59,4,11.72,246.08,2024-02-23,16:16,Credit card,234.36,4.7619,11.72,7.1
787-80-3958,A,Yangon,Member,Male,Electronic accessories,69.47,8,27.79,583.55,2024-02-04,20:34,Credit card,555.76,4.7619,27.79,9.1
544-82-1981,C,Naypyitaw,Member,Male,Sports and travel,23.3,3,3.5,73.4,2024-03-28,14:54,Cash,69.9,4.7619,3.5,6.5
980-18-4335,B,Mandalay,Normal,Male,Fashion accessories,24.45,10,12.23,256.73,2024-01-31,16:15,Ewallet,244.5,4.7619,12.23,4.9
128-41-6087,B,Mandalay,Normal,Male,Sports and travel,68.22,1,3.41,71.63,2024-01-26,12:17,Ewallet,68.22,4.7619,3.41,4.2
908-45-3883,C,Naypyitaw,Member,Male,Health and beauty,14.98,2,1.5,31.46,2024-02-10,19:19,Ewallet,29.96,4.7619,1.5,9.4
516-56-2479,B,Mandalay,Member,Female,Health and beauty,61.38,9,27.62,580.04,2024-01-16,18:42,Credit card,552.42,4.7619,27.62,9.7
637-42-9133,A,Yangon,Member,Female,Home and lifestyle,39.63,10,19.82,416.12,2024-02-19,13:59,Cash,396.3,4.7619,19.82,5.3
209-32-4507,B,Mandalay,Normal,Male,Home and lifestyle,87.65,1,4.38,92.03,2024-03-03,18:23,Credit card,87.65,4.7619,4.38,9.7
424-79-7943,B,Mandalay,Member,Male,Electronic accessories,42.67,6,12.8,268.82,2024-02-09,10:41,Credit card,256.02,4.7619,12.8,4.2
857-94-1895,C,Naypyitaw,Member,Male,Food and beverages,44.62,6,13.39,281.11,2024-03-28,11:34,Ewallet,267.72,4.7619,13.39,9.1
497-11-7438,B,Mandalay,Normal,Female,Electronic accessories,36.77,3,5.52,115.83,2024-02-26,20:20,Credit card,110.31,4.7619,5.52,6.4
134-45-2312,B,Mandalay,Normal,Male,Home and lifestyle,74.56,2,7.46,156.58,2024-01-21,14:32,Ewallet,149.12,4.7619,7.46,6.1
716-80-6353,B,Mandalay,Member,Female,Fashion accessories,67.74,8,27.1,569.02,2024-03-23,12:00,Cash,541.92,4.7619,27.1,5.2
412-50-2347,A,Yangon,Member,Female,Food and beverages,74.21,3,11.13,233.76,2024-03-17,20:26,Cash,222.63,4.7619,11.13,6.7
994-27-5270,A,Yangon,Normal,Male,Electronic accessories,17.6,6,5.28,110.88,2024-01-24,16:56,Cash,105.6,4.7619,5.28,9.7
684-38-1339,A,Yangon,Member,Female,Sports and travel,27.84,3,4.18,87.7,2024-01-07,16:39,Cash,83.52,4.7619,4.18,7.6
252-21-7028,A,Yangon,Member,Female,Fashion accessories,57.32,8,22.93,481.49,2024-03-27,17:07,Ewallet,458.56,4.7619,22.93,8.3
295-44-5717,C,Naypyitaw,Normal,Male,Electronic accessories,48.81,4,9.76,205.0,2024-03-17,13:52,Cash,195.24,4.7619,9.76,8.4
293-63-3955,B,Mandalay,Member,Female,Home and lifestyle,97.84,4,19.57,410.93,2024-03-20,17:58,Ewallet,391.36,4.7619,19.57,6.2
800-92-8506,A,Yangon,Member,Male,Electronic accessories,88.42,7,30.95,649.89,2024-03-28,13:45,Cash,618.94,4.7619,30.95,8.3
853-86-5198,A,Yangon,Member,Female,Health and beauty,39.95,4,7.99,167.79,2024-03-01,15:38,Credit card,159.8,4.7619,7.99,9.8
712-15-1087,B,Mandalay,Normal,Male,Sports and travel,70.41,3,10.56,221.79,2024-03-12,10:37,Ewallet,211.23,4.7619,10.56,5.6
615-73-6557,B,Mandalay,Member,Female,Home and lifestyle,73.92,7,25.87,543.31,2024-01-19,14:07,Cash,517.44,4.7619,25.87,4.3
230-73-5603,C,Naypyitaw,Normal,Male,Home and lifestyle,91.24,5,22.81,479.01,2024-03-19,14:33,Cash,456.2,4.7619,22.81,6.6
268-50-9049,A,Yangon,Normal,Female,Electronic accessories,23.37,4,4.67,98.15,2024-01-24,10:30,Cash,93.48,4.7619,4.67,5.0
578-65-2900,B,Mandalay,Member,Male,Home and lifestyle,98.98,9,44.54,935.36,2024-03-03,17:31,Ewallet,890.82,4.7619,44.54,9.1
987-28-3025,B,Mandalay,Member,Female,Home and lifestyle,26.26,3,3.94,82.72,2024-03-06,14:36,Credit card,78.78,4.7619,3.94,7.5
697-10-9618,C,Naypyitaw,Member,Male,Health and beauty,32.15,8,12.86,270.06,2024-03-27,11:56,Cash,257.2,4.7619,12.86,4.2
797-97-2998,B,Mandalay,Normal,Female,Home and lifestyle,23.84,2,2.38,50.06,2024-02-28,20:30,Cash,47.68,4.7619,2.38,7.8
375-86-1095,B,Mandalay,Member,Male,Home and lifestyle,95.26,10,47.63,1000.23,2024-01-17,13:55,Ewallet,952.6,4.7619,47.63,8.8
389-51-1909,C,Naypyitaw,Member,Male,Health and beauty,45.89,3,6.88,144.55,2024-01-31,16:05,Ewallet,137.67,4.7619,6.88,9.1
266-59-7592,B,Mandalay,Member,Female,Home and lifestyle,54.17,7,18.96,398.15,2024-02-09,20:38,Ewallet,379.19,4.7619,18.96,6.2
198-57-9399,A,Yangon,Normal,Male,Sports and travel,52.87,10,26.44,555.14,2024-03-17,16:05,Cash,528.7,4.7619,26.44,8.9
728-33-8112,C,Naypyitaw,Normal,Female,Health and beauty,56.2,8,22.48,472.08,2024-03-27,13:41,Credit card,449.6,4.7619,22.48,8.3
607-77-9596,A,Yangon,Normal,Male,Sports and travel,17.13,8,6.85,143.89,2024-02-08,12:08,Credit card,137.04,4.7619,6.85,9.4
961-41-9570,B,Mandalay,Normal,Female,Food and beverages,16.89,1,0.84,17.73,2024-03-06,11:32,Cash,16.89,4.7619,0.84,6.5
575-94-5151,B,Mandalay,Normal,Female,Food and beverages,11.46,8,4.58,96.26,2024-01-23,12:53,Cash,91.68,4.7619,4.58,4.3
526-48-6143,C,Naypyitaw,Normal,Male,Food and beverages,82.7,6,24.81,521.01,2024-01-24,13:11,Ewallet,496.2,4.7619,24.81,8.5
718-43-2742,B,Mandalay,Member,Female,Sports and travel,20.5,3,3.08,64.58,2024-03-24,17:29,Credit card,61.5,4.7619,3.08,6.4
773-87-8974,B,Mandalay,Normal,Male,Home and lifestyle,17.89,3,2.68,56.35,2024-01-02,13:07,Ewallet,53.67,4.7619,2.68,8.2
292-13-4428,B,Mandalay,Member,Female,Sports and travel,85.78,9,38.6,810.62,2024-01-25,11:19,Cash,772.02,4.7619,38.6,4.9
532-12-2908,A,Yangon,Member,Male,Sports and travel,52.43,8,20.97,440.41,2024-03-15,13:12,Cash,419.44,4.7619,20.97,7.4
953-60-1834,B,Mandalay,Member,Female,Fashion accessories,86.28,7,30.2,634.16,2024-02-23,17:47,Credit card,603.96,4.7619,30.2,7.6
667-47-1606,B,Mandalay,Normal,Male,Food and beverages,63.19,10,31.59,663.49,2024-03-27,17:14,Credit card,631.9,4.7619,31.59,4.4
119-64-6174,C,Naypyitaw,Member,Male,Fashion accessories,47.54,8,19.02,399.34,2024-01-15,17:39,Credit card,380.32,4.7619,19.02,6.1
814-65-1340,A,Yangon,Normal,Female,Sports and travel,40.94,4,8.19,171.95,2024-03-05,13:37,Credit card,163.76,4.7619,8.19,6.0
716-94-8675,A,Yangon,Normal,Male,Sports and travel,84.97,6,25.49,535.31,2024-03-01,12:39,Ewallet,509.82,4.7619,25.49,5.7
867-21-8911,A,Yangon,Member,Female,Electronic accessories,64.51,2,6.45,135.47,2024-02-23,17:19,Ewallet,129.02,4.7619,6.45,5.3
148-12-6878,B,Mandalay,Normal,Female,Electronic accessories,84.51,9,38.03,798.62,2024-01-05,11:21,Cash,760.59,4.7619,38.03,4.7
332-25-4671,B,Mandalay,Normal,Male,Home and lifestyle,79.24,9,35.66,748.82,2024-02-04,12:54,Credit card,713.16,4.7619,35.66,9.2
718-95-2706,C,Naypyitaw,Member,Male,Sports and travel,96.63,2,9.66,202.92,2024-01-14,19:39,Ewallet,193.26,4.7619,9.66,8.9
142-74-2727,A,Yangon,Member,Female,Home and lifestyle,24.13,5,6.03,126.68,2024-03-31,17:48,Credit card,120.65,4.7619,6.03,7.0
991-22-3527,C,Naypyitaw,Normal,Male,Electronic accessories,21.07,4,4.21,88.49,2024-02-26,16:49,Ewallet,84.28,4.7619,4.21,5.5
928-70-6592,B,Mandalay,Member,Female,Home and lifestyle,43.52,7,15.23,319.87,2024-02-16,20:42,Ewallet,304.64,4.7619,15.23,4.9
871-77-7909,A,Yangon,Member,Male,Sports and travel,92.61,8,37.04,777.92,2024-03-07,20:23,Ewallet,740.88,4.7619,37.04,6.7
888-11-9476,A,Yangon,Member,Male,Home and lifestyle,46.14,3,6.92,145.34,2024-02-25,10:25,Ewallet,138.42,4.7619,6.92,8.0
756-29-1947,C,Naypyitaw,Normal,Male,Sports and travel,89.71,9,40.37,847.76,2024-02-08,15:58,Cash,807.39,4.7619,40.37,4.0
386-77-3406,C,Naypyitaw,Normal,Male,Fashion accessories,28.46,9,12.81,268.95,2024-03-20,19:41,Cash,256.14,4.7619,12.81,8.2
931-93-7627,A,Yangon,Normal,Female,Health and beauty,58.36,7,20.43,428.95,2024-01-17,18:34,Cash,408.52,4.7619,20.43,5.3
623-80-6115,C,Naypyitaw,Normal,Female,Health and beauty,12.51,9,5.63,118.22,2024-03-16,14:15,Cash,112.59,4.7619,5.63,8.4
617-24-1982,B,Mandalay,Normal,Male,Health and beauty,14.3,2,1.43,30.03,2024-02-27,14:36,Credit card,28.6,4.7619,1.43,4.0
447-40-9737,C,Naypyitaw,Member,Male,Home and lifestyle,35.61,10,17.81,373.91,2024-03-27,12:45,Cash,356.1,4.7619,17.81,7.1
353-23-6371,C,Naypyitaw,Member,Male,Sports and travel,18.82,7,6.59,138.33,2024-02-22,11:05,Ewallet,131.74,4.7619,6.59,6.5
233-70-4519,B,Mandalay,Member,Male,Fashion accessories,57.36,10,28.68,602.28,2024-03-12,18:49,Cash,573.6,4.7619,28.68,9.2
698-73-7937,B,Mandalay,Normal,Male,Electronic accessories,22.99,3,3.45,72.42,2024-03-03,17:08,Credit card,68.97,4.7619,3.45,7.1
641-25-4483,B,Mandalay,Normal,Female,Fashion accessories,24.11,9,10.85,227.84,2024-02-17,11:38,Cash,216.99,4.7619,10.85,4.7
478-83-5744,A,Yangon,Member,Female,Home and lifestyle,37.44,6,11.23,235.87,2024-02-08,14:31,Ewallet,224.64,4.7619,11.23,8.7
245-85-7910,A,Yangon,Normal,Male,Electronic accessories,26.48,8,10.59,222.43,2024-01-01,11:35,Cash,211.84,4.7619,10.59,4.4
145-63-8883,C,Naypyitaw,Normal,Male,Home and lifestyle,80.31,8,32.12,674.6,2024-03-18,12:48,Ewallet,642.48,4.7619,32.12,7.0
571-67-8357,A,Yangon,Normal,Female,Food and beverages,69.8,7,24.43,513.03,2024-02-19,13:57,Cash,488.6,4.7619,24.43,6.0
146-95-8259,C,Naypyitaw,Normal,Female,Electronic accessories,73.64,10,36.82,773.22,2024-03-21,14:35,Credit card,736.4,4.7619,36.82,4.7
672-20-4152,C,Naypyitaw,Member,Female,Sports and travel,55.23,1,2.76,57.99,2024-01-16,20:59,Credit card,55.23,4.7619,2.76,5.1
119-45-4371,A,Yangon,Normal,Female,Food and beverages,64.61,7,22.61,474.88,2024-03-16,10:31,Ewallet,452.27,4.7619,22.61,6.0
284-63-1394,C,Naypyitaw,Normal,Male,Home and lifestyle,18.19,2,1.82,38.2,2024-03-10,12:18,Ewallet,36.38,4.7619,1.82,5.1
886-21-3526,B,Mandalay,Normal,Female,Health and beauty,65.3,6,19.59,411.39,2024-01-24,10:45,Ewallet,391.8,4.7619,19.59,5.8
201-50-3334,B,Mandalay,Normal,Male,Sports and travel,94.73,2,9.47,198.93,2024-01-07,13:15,Credit card,189.46,4.7619,9.47,7.5
604-75-9264,B,Mandalay,Member,Male,Health and beauty,38.65,9,17.39,365.24,2024-02-22,11:30,Ewallet,347.85,4.7619,17.39,6.4
339-12-5409,C,Naypyitaw,Member,Female,Food and beverages,68.63,3,10.29,216.18,2024-02-08,19:26,Cash,205.89,4.7619,10.29,4.5
751-74-4333,A,Yangon,Normal,Female,Electronic accessories,58.37,7,20.43,429.02,2024-03-12,17:02,Ewallet,408.59,4.7619,20.43,8.9
949-89-5739,C,Naypyitaw,Member,Female,Health and beauty,94.01,8,37.6,789.68,2024-02-04,19:16,Credit card,752.08,4.7619,37.6,6.3
459-90-4485,C,Naypyitaw,Normal,Female,Electronic accessories,76.52,10,38.26,803.46,2024-01-09,14:05,Cash,765.2,4.7619,38.26,8.2
950-27-5578,B,Mandalay,Member,Male,Fashion accessories,95.08,5,23.77,499.17,2024-03-31,17:17,Ewallet,475.4,4.7619,23.77,8.0
429-53-4450,B,Mandalay,Normal,Female,Fashion accessories,22.03,1,1.1,23.13,2024-03-18,17:00,Ewallet,22.03,4.7619,1.1,8.0
523-81-9011,B,Mandalay,Member,Female,Food and beverages,12.78,8,5.11,107.35,2024-03-27,11:22,Cash,102.24,4.7619,5.11,9.0
466-59-3903,C,Naypyitaw,Member,Female,Sports and travel,43.34,4,8.67,182.03,2024-02-26,10:14,Credit card,173.36,4.7619,8.67,4.1
387-97-6862,A,Yangon,Member,Male,Fashion accessories,29.9,8,11.96,251.16,2024-02-16,10:17,Cash,239.2,4.7619,11.96,9.4
823-87-4425,A,Yangon,Member,Male,Health and beauty,88.28,10,44.14,926.94,2024-03-05,17:10,Credit card,882.8,4.7619,44.14,5.2
856-82-3875,A,Yangon,Member,Female,Electronic accessories,33.36,10,16.68,350.28,2024-01-30,18:46,Cash,333.6,4.7619,16.68,5.2
794-12-9731,C,Naypyitaw,Normal,Male,Health and beauty,94.4,1,4.72,99.12,2024-02-11,16:54,Cash,94.4,4.7619,4.72,5.6
796-76-8644,B,Mandalay,Normal,Female,Fashion accessories,30.21,5,7.55,158.6,2024-02-23,18:28,Cash,151.05,4.7619,7.55,4.0
299-52-2340,C,Naypyitaw,Member,Female,Fashion accessories,48.14,2,4.81,101.09,2024-02-01,13:10,Cash,96.28,4.7619,4.81,5.9
741-90-2584,A,Yangon,Normal,Male,Health and beauty,63.32,6,19.0,398.92,2024-02-02,13:06,Cash,379.92,4.7619,19.0,5.4
448-16-6465,C,Naypyitaw,Member,Female,Food and beverages,65.75,2,6.58,138.08,2024-03-21,17:37,Ewallet,131.5,4.7619,6.58,4.5
162-14-7183,B,Mandalay,Member,Female,Health and beauty,92.71,8,37.08,778.76,2024-01-08,14:39,Credit card,741.68,4.7619,37.08,6.6
204-96-1914,C,Naypyitaw,Member,Male,Sports and travel,46.15,10,23.08,484.58,2024-02-22,13:55,Credit card,461.5,4.7619,23.08,8.7
738-11-8428,B,Mandalay,Normal,Male,Food and beverages,65.72,6,19.72,414.04,2024-03-24,20:50,Ewallet,394.32,4.7619,19.72,6.7
436-85-4153,A,Yangon,Member,Female,Food and beverages,74.19,10,37.09,778.99,2024-01-25,19:08,Credit card,741.9,4.7619,37.09,7.1
463-63-8887,C,Naypyitaw,Normal,Female,Electronic accessories,22.39,1,1.12,23.51,2024-01-08,12:19,Credit card,22.39,4.7619,1.12,6.6
767-55-6098,C,Naypyitaw,Member,Female,Sports and travel,37.78,6,11.33,238.01,2024-02-07,15:00,Credit card,226.68,4.7619,11.33,7.5
794-28-1939,A,Yangon,Member,Male,Home and lifestyle,27.58,4,5.52,115.84,2024-03-22,13:50,Ewallet,110.32,4.7619,5.52,6.0
783-70-8657,C,Naypyitaw,Normal,Male,Food and beverages,36.96,6,11.09,232.85,2024-01-21,11:29,Ewallet,221.76,4.7619,11.09,7.0
103-91-4654,C,Naypyitaw,Member,Male,Food and beverages,29.18,8,11.67,245.11,2024-02-12,16:13,Cash,233.44,4.7619,11.67,5.1
106-56-1162,A,Yangon,Normal,Female,Food and beverages,20.37,5,5.09,106.94,2024-02-26,13:40,Credit card,101.85,4.7619,5.09,9.5
468-15-1486,A,Yangon,Member,Male,Electronic accessories,29.7,5,7.43,155.93,2024-01-23,15:54,Credit card,148.5,4.7619,7.43,5.5
300-12-3884,B,Mandalay,Member,Female,Fashion accessories,22.35,2,2.24,46.94,2024-02-13,13:19,Cash,44.7,4.7619,2.24,5.4
928-57-3807,C,Naypyitaw,Normal,Female,Health and beauty,23.0,3,3.45,72.45,2024-01-25,13:34,Cash,69.0,4.7619,3.45,8.2
425-86-8037,C,Naypyitaw,Member,Female,Food and beverages,62.85,9,28.28,593.93,2024-02-07,12:20,Ewallet,565.65,4.7619,28.28,4.3
914-45-3071,C,Naypyitaw,Normal,Female,Fashion accessories,17.33,8,6.93,145.57,2024-03-25,19:04,Ewallet,138.64,4.7619,6.93,7.1
869-92-9342,B,Mandalay,Normal,Male,Electronic accessories,38.96,6,11.69,245.45,2024-03-08,17:45,Cash,233.76,4.7619,11.69,6.8
695-61-1599,A,Yangon,Member,Female,Sports and travel,87.68,7,30.69,644.45,2024-01-28,14:27,Cash,613.76,4.7619,30.69,7.4
962-57-5170,C,Naypyitaw,Member,Female,Health and beauty,36.55,9,16.45,345.4,2024-02-15,13:37,Ewallet,328.95,4.7619,16.45,6.8
736-53-7981,B,Mandalay,Normal,Male,Sports and travel,43.07,8,17.23,361.79,2024-02-10,14:24,Ewallet,344.56,4.7619,17.23,5.1
339-43-2243,B,Mandalay,Member,Male,Food and beverages,56.15,2,5.62,117.92,2024-02-05,13:06,Ewallet,112.3,4.7619,5.62,4.4
139-79-4281,B,Mandalay,Member,Male,Home and lifestyle,37.24,5,9.31,195.51,2024-01-25,19:08,Credit card,186.2,4.7619,9.31,8.4
367-11-5906,B,Mandalay,Normal,Male,Sports and travel,83.96,1,4.2,88.16,2024-03-01,20:32,Ewallet,83.96,4.7619,4.2,9.2
333-39-4438,B,Mandalay,Member,Male,Fashion accessories,83.29,6,24.99,524.73,2024-01-11,15:54,Ewallet,499.74,4.7619,24.99,6.6
814-63-4433,B,Mandalay,Normal,Female,Home and lifestyle,22.5,3,3.38,70.88,2024-02-09,10:31,Credit card,67.5,4.7619,3.38,9.0
447-38-7867,B,Mandalay,Normal,Male,Home and lifestyle,62.82,10,31.41,659.61,2024-01-05,12:09,Cash,628.2,4.7619,31.41,7.4
918-87-7404,B,Mandalay,Member,Male,Health and beauty,58.1,4,11.62,244.02,2024-03-01,11:21,Credit card,232.4,4.7619,11.62,9.8
754-48-2527,A,Yangon,Member,Female,Health and beauty,84.37,10,42.19,885.89,2024-03-03,10:11,Ewallet,843.7,4.7619,42.19,4.4
495-46-4373,A,Yangon,Normal,Female,Sports and travel,15.17,9,6.83,143.36,2024-01-02,12:20,Cash,136.53,4.7619,6.83,6.3
213-26-9789,B,Mandalay,Normal,Female,Sports and travel,95.95,4,19.19,402.99,2024-01-17,13:19,Cash,383.8,4.7619,19.19,8.9
780-70-3601,C,Naypyitaw,Normal,Female,Food and beverages,74.5,8,29.8,625.8,2024-02-05,13:00,Ewallet,596.0,4.7619,29.8,6.7
944-61-5044,C,Naypyitaw,Normal,Male,Sports and travel,51.64,1,2.58,54.22,2024-01-12,14:41,Cash,51.64,4.7619,2.58,6.1
962-48-7407,C,Naypyitaw,Member,Male,Electronic accessories,26.16,10,13.08,274.68,2024-02-25,17:24,Credit card,261.6,4.7619,13.08,5.1
682-22-7447,C,Naypyitaw,Member,Female,Electronic accessories,34.64,9,15.59,327.35,2024-02-07,20:58,Ewallet,311.76,4.7619,15.59,8.2
839-37-9085,B,Mandalay,Member,Male,Health and beauty,77.98,9,35.09,736.91,2024-02-11,16:28,Ewallet,701.82,4.7619,35.09,5.5
618-15-8572,A,Yangon,Member,Male,Sports and travel,40.93,7,14.33,300.84,2024-01-25,16:02,Ewallet,286.51,4.7619,14.33,5.5
826-27-6359,C,Naypyitaw,Normal,Male,Sports and travel,16.14,9,7.26,152.52,2024-03-25,13:45,Cash,145.26,4.7619,7.26,4.8
940-45-3643,A,Yangon,Member,Female,Electronic accessories,36.47,9,16.41,344.64,2024-02-20,12:04,Credit card,328.23,4.7619,16.41,8.6
793-44-3514,B,Mandalay,Normal,Female,Electronic accessories,74.29,9,33.43,702.04,2024-01-28,17:44,Ewallet,668.61,4.7619,33.43,9.0
930-76-2684,B,Mandalay,Normal,Male,Health and beauty,63.83,1,3.19,67.02,2024-02-18,13:59,Ewallet,63.83,4.7619,3.19,6.2
344-35-2497,A,Yangon,Normal,Female,Health and beauty,40.34,4,8.07,169.43,2024-03-28,20:04,Ewallet,161.36,4.7619,8.07,9.8
198-95-3750,C,Naypyitaw,Member,Female,Sports and travel,56.12,6,16.84,353.56,2024-02-11,18:40,Ewallet,336.72,4.7619,16.84,7.7
654-60-8010,A,Yangon,Member,Female,Health and beauty,42.09,3,6.31,132.58,2024-01-02,16:41,Cash,126.27,4.7619,6.31,4.1
317-68-4606,A,Yangon,Normal,Male,Health and beauty,16.06,4,3.21,67.45,2024-02-22,14:49,Credit card,64.24,4.7619,3.21,7.0
204-78-3809,B,Mandalay,Member,Male,Fashion accessories,72.66,3,10.9,228.88,2024-02-12,12:40,Credit card,217.98,4.7619,10.9,5.9
971-95-8899,A,Yangon,Normal,Female,Food and beverages,92.08,8,36.83,773.47,2024-02-18,18:40,Credit card,736.64,4.7619,36.83,5.4
701-11-4811,A,Yangon,Member,Male,Electronic accessories,76.4,4,15.28,320.88,2024-03-20,11:03,Ewallet,305.6,4.7619,15.28,6.2
403-35-3484,B,Mandalay,Member,Female,Electronic accessories,93.1,10,46.55,977.55,2024-02-26,15:08,Cash,931.0,4.7619,46.55,5.9
905-15-9533,B,Mandalay,Normal,Female,Electronic accessories,86.22,6,25.87,543.19,2024-02-13,13:13,Credit card,517.32,4.7619,25.87,4.3
780-41-4644,C,Naypyitaw,Normal,Male,Electronic accessories,49.81,1,2.49,52.3,2024-01-09,17:04,Ewallet,49.81,4.7619,2.49,4.3
244-36-3057,A,Yangon,Member,Female,Electronic accessories,55.66,7,19.48,409.1,2024-02-29,14:10,Credit card,389.62,4.7619,19.48,5.2
534-32-5079,B,Mandalay,Normal,Male,Fashion accessories,28.12,8,11.25,236.21,2024-01-11,15:25,Cash,224.96,4.7619,11.25,5.0
551-64-9278,C,Naypyitaw,Normal,Female,Sports and travel,11.78,7,4.12,86.58,2024-02-24,11:48,Cash,82.46,4.7619,4.12,7.6
256-80-3878,B,Mandalay,Normal,Male,Home and lifestyle,50.82,7,17.79,373.53,2024-03-12,19:30,Ewallet,355.74,4.7619,17.79,6.0
832-70-4206,A,Yangon,Member,Female,Health and beauty,87.54,6,26.26,551.5,2024-03-03,16:59,Cash,525.24,4.7619,26.26,9.6
860-57-7292,B,Mandalay,Normal,Female,Sports and travel,89.64,2,8.96,188.24,2024-02-19,19:10,Ewallet,179.28,4.7619,8.96,8.6
361-54-9349,C,Naypyitaw,Normal,Male,Fashion accessories,15.19,7,5.32,111.65,2024-02-24,13:15,Cash,106.33,4.7619,5.32,4.2
932-56-1462,C,Naypyitaw,Member,Male,Food and beverages,50.99,3,7.65,160.62,2024-02-02,13:38,Credit card,152.97,4.7619,7.65,9.7
961-30-1202,A,Yangon,Member,Male,Sports and travel,73.54,2,7.35,154.43,2024-03-07,13:56,Cash,147.08,4.7619,7.35,5.0
537-42-5951,C,Naypyitaw,Normal,Male,Fashion accessories,47.04,2,4.7,98.78,2024-01-14,20:36,Cash,94.08,4.7619,4.7,8.9
375-36-7520,C,Naypyitaw,Normal,Female,Electronic accessories,83.47,1,4.17,87.64,2024-01-13,11:49,Credit card,83.47,4.7619,4.17,6.5
526-93-5724,C,Naypyitaw,Normal,Female,Electronic accessories,43.71,3,6.56,137.69,2024-01-26,17:11,Credit card,131.13,4.7619,6.56,9.7
561-82-4482,A,Yangon,Member,Female,Fashion accessories,26.44,4,5.29,111.05,2024-02-03,16:28,Credit card,105.76,4.7619,5.29,9.5
211-91-3721,A,Yangon,Normal,Female,Sports and travel,21.22,2,2.12,44.56,2024-02-13,10:37,Ewallet,42.44,4.7619,2.12,6.9
788-22-1155,A,Yangon,Normal,Female,Fashion accessories,62.41,1,3.12,65.53,2024-01-13,13:33,Ewallet,62.41,4.7619,3.12,6.3
632-44-8961,B,Mandalay,Normal,Male,Home and lifestyle,43.37,6,13.01,273.23,2024-02-10,13:23,Credit card,260.22,4.7619,13.01,6.4
725-17-6833,B,Mandalay,Member,Female,Sports and travel,88.34,7,30.92,649.3,2024-01-18,10:38,Ewallet,618.38,4.7619,30.92,9.2
386-99-5072,B,Mandalay,Normal,Male,Food and beverages,47.18,4,9.44,198.16,2024-01-01,20:52,Cash,188.72,4.7619,9.44,4.1
468-15-6333,C,Naypyitaw,Normal,Female,Food and beverages,53.6,10,26.8,562.8,2024-01-11,15:27,Cash,536.0,4.7619,26.8,9.9
977-99-2645,C,Naypyitaw,Normal,Male,Food and beverages,27.55,3,4.13,86.78,2024-03-07,19:50,Credit card,82.65,4.7619,4.13,7.0
230-73-2426,B,Mandalay,Normal,Female,Sports and travel,95.95,8,38.38,805.98,2024-03-25,18:15,Ewallet,767.6,4.7619,38.38,5.3
871-94-2465,A,Yangon,Normal,Female,Electronic accessories,93.6,6,28.08,589.68,2024-02-19,14:14,Credit card,561.6,4.7619,28.08,5.5
587-95-3016,C,Naypyitaw,Member,Male,Health and beauty,81.59,6,24.48,514.02,2024-01-29,19:49,Credit card,489.54,4.7619,24.48,4.4
451-58-7252,C,Naypyitaw,Normal,Female,Electronic accessories,33.32,5,8.33,174.93,2024-01-12,11:05,Cash,166.6,4.7619,8.33,8.4
292-24-7025,A,Yangon,Normal,Male,Food and beverages,76.32,5,19.08,400.68,2024-01-08,19:34,Ewallet,381.6,4.7619,19.08,9.1
533-50-6980,C,Naypyitaw,Member,Female,Health and beauty,45.57,9,20.51,430.64,2024-02-28,15:09,Cash,410.13,4.7619,20.51,9.0
611-97-8467,A,Yangon,Normal,Female,Fashion accessories,69.87,1,3.49,73.36,2024-03-17,15:19,Credit card,69.87,4.7619,3.49,9.9
226-45-8836,C,Naypyitaw,Member,Male,Home and lifestyle,73.37,7,25.68,539.27,2024-01-08,15:09,Credit card,513.59,4.7619,25.68,5.3
850-38-1861,A,Yangon,Normal,Male,Home and lifestyle,98.59,3,14.79,310.56,2024-01-03,18:25,Cash,295.77,4.7619,14.79,6.5
584-54-7412,B,Mandalay,Member,Male,Home and lifestyle,72.67,4,14.53,305.21,2024-03-30,18:25,Ewallet,290.68,4.7619,14.53,4.8
870-84-1886,C,Naypyitaw,Normal,Male,Fashion accessories,24.73,3,3.71,77.9,2024-02-26,17:18,Ewallet,74.19,4.7619,3.71,5.3
923-35-1149,B,Mandalay,Member,Female,Sports and travel,95.53,7,33.44,702.15,2024-03-27,12:59,Ewallet,668.71,4.7619,33.44,4.6
585-32-1859,A,Yangon,Normal,Male,Electronic accessories,66.42,7,23.25,488.19,2024-02-01,10:07,Ewallet,464.94,4.7619,23.25,6.4
409-98-3826,C,Naypyitaw,Normal,Female,Sports and travel,87.83,7,30.74,645.55,2024-02-05,20:41,Cash,614.81,4.7619,30.74,6.2
222-24-2353,A,Yangon,Normal,Female,Health and beauty,62.81,10,31.41,659.51,2024-03-02,14:44,Credit card,628.1,4.7619,31.41,4.6
707-33-7290,B,Mandalay,Normal,Male,Food and beverages,21.27,6,6.38,134.0,2024-01-09,18:11,Cash,127.62,4.7619,6.38,8.9
120-60-9788,C,Naypyitaw,Normal,Female,Food and beverages,85.33,9,38.4,806.37,2024-03-24,11:48,Ewallet,767.97,4.7619,38.4,9.8
220-33-3948,A,Yangon,Normal,Male,Health and beauty,13.52,10,6.76,141.96,2024-01-27,20:10,Ewallet,135.2,4.7619,6.76,7.4
971-14-2386,A,Yangon,Normal,Male,Food and beverages,25.44,1,1.27,26.71,2024-02-01,14:02,Credit card,25.44,4.7619,1.27,9.4
400-94-9750,B,Mandalay,Member,Male,Fashion accessories,38.16,6,11.45,240.41,2024-03-18,18:32,Ewallet,228.96,4.7619,11.45,8.1
778-15-4884,A,Yangon,Member,Female,Home and lifestyle,87.04,4,17.41,365.57,2024-01-18,19:35,Ewallet,348.16,4.7619,17.41,7.6
384-26-7914,A,Yangon,Normal,Male,Sports and travel,68.47,3,10.27,215.68,2024-02-21,17:05,Cash,205.41,4.7619,10.27,8.1
811-28-9780,A,Yangon,Member,Male,Fashion accessories,72.71,4,14.54,305.38,2024-02-17,19:42,Credit card,290.84,4.7619,14.54,8.9
719-30-7876,A,Yangon,Normal,Male,Sports and travel,12.33,10,6.17,129.47,2024-02-01,11:17,Ewallet,123.3,4.7619,6.17,7.2
800-80-7664,A,Yangon,Normal,Female,Home and lifestyle,91.82,5,22.96,482.06,2024-01-19,13:17,Ewallet,459.1,4.7619,22.96,4.6
327-58-2720,A,Yangon,Member,Male,Food and beverages,83.91,8,33.56,704.84,2024-01-13,18:22,Credit card,671.28,4.7619,33.56,7.4
388-80-5440,C,Naypyitaw,Member,Female,Electronic accessories,38.62,7,13.52,283.86,2024-01-24,15:51,Credit card,270.34,4.7619,13.52,8.1
907-78-7597,B,Mandalay,Member,Male,Health and beauty,71.79,3,10.77,226.14,2024-03-25,12:09,Cash,215.37,4.7619,10.77,7.4
373-16-7064,C,Naypyitaw,Member,Male,Fashion accessories,51.2,8,20.48,430.08,2024-02-15,17:32,Cash,409.6,4.7619,20.48,5.7
538-76-4748,B,Mandalay,Member,Male,Sports and travel,79.34,2,7.93,166.61,2024-03-22,11:04,Credit card,158.68,4.7619,7.93,5.4
195-31-1940,A,Yangon,Normal,Male,Health and beauty,96.59,7,33.81,709.94,2024-03-27,18:59,Credit card,676.13,4.7619,33.81,4.8
609-75-9722,C,Naypyitaw,Member,Male,Health and beauty,65.46,1,3.27,68.73,2024-02-24,18:47,Cash,65.46,4.7619,3.27,5.5
856-94-9652,C,Naypyitaw,Member,Male,Electronic accessories,70.7,9,31.81,668.11,2024-01-29,12:04,Cash,636.3,4.7619,31.81,9.0
626-55-1834,B,Mandalay,Normal,Male,Electronic accessories,43.59,2,4.36,91.54,2024-02-13,20:15,Credit card,87.18,4.7619,4.36,9.1
978-25-5752,B,Mandalay,Normal,Male,Home and lifestyle,29.17,10,14.59,306.29,2024-02-20,13:59,Cash,291.7,4.7619,14.59,9.6
758-75-1580,B,Mandalay,Normal,Female,Home and lifestyle,10.53,8,4.21,88.45,2024-02-12,14:22,Ewallet,84.24,4.7619,4.21,4.0
839-33-7587,B,Mandalay,Member,Female,Sports and travel,54.28,2,5.43,113.99,2024-03-08,18:57,Ewallet,108.56,4.7619,5.43,6.5
599-10-3549,C,Naypyitaw,Normal,Female,Sports and travel,45.58,5,11.4,239.3,2024-02-16,16:57,Ewallet,227.9,4.7619,11.4,7.2
375-23-8185,C,Naypyitaw,Normal,Female,Electronic accessories,41.83,7,14.64,307.45,2024-01-01,15:56,Credit card,292.81,4.7619,14.64,5.2
294-46-1659,A,Yangon,Normal,Male,Fashion accessories,39.81,1,1.99,41.8,2024-01-21,20:12,Cash,39.81,4.7619,1.99,9.8
372-25-7899,B,Mandalay,Normal,Female,Home and lifestyle,77.59,7,27.16,570.29,2024-03-05,16:08,Ewallet,543.13,4.7619,27.16,9.7
911-12-3066,A,Yangon,Normal,Female,Fashion accessories,31.28,6,9.38,197.06,2024-02-24,19:47,Ewallet,187.68,4.7619,9.38,6.6
396-46-8961,A,Yangon,Normal,Female,Food and beverages,23.72,9,10.67,224.15,2024-01-24,13:17,Ewallet,213.48,4.7619,10.67,9.2
817-41-8031,A,Yangon,Normal,Female,Fashion accessories,75.73,10,37.87,795.17,2024-01-24,13:54,Credit card,757.3,4.7619,37.87,7.8
252-39-2973,A,Yangon,Normal,Female,Home and lifestyle,99.13,3,14.87,312.26,2024-02-24,10:39,Ewallet,297.39,4.7619,14.87,4.5
152-58-7673,C,Naypyitaw,Normal,Female,Electronic accessories,40.25,8,16.1,338.1,2024-01-08,18:27,Credit card,322.0,4.7619,16.1,4.3
212-44-6956,B,Mandalay,Normal,Male,Electronic accessories,38.78,1,1.94,40.72,2024-01-24,10:00,Ewallet,38.78,4.7619,1.94,8.0
429-37-5674,B,Mandalay,Normal,Female,Sports and travel,26.63,8,10.65,223.69,2024-02-16,15:19,Ewallet,213.04,4.7619,10.65,4.6
113-97-3134,B,Mandalay,Normal,Male,Fashion accessories,80.08,9,36.04,756.76,2024-03-18,15:15,Credit card,720.72,4.7619,36.04,5.7
698-59-2429,A,Yangon,Member,Female,Health and beauty,62.78,4,12.56,263.68,2024-01-25,17:59,Ewallet,251.12,4.7619,12.56,4.4
659-89-6618,B,Mandalay,Normal,Female,Food and beverages,74.86,1,3.74,78.6,2024-01-17,13:26,Credit card,74.86,4.7619,3.74,8.3
998-81-6690,B,Mandalay,Normal,Female,Sports and travel,16.09,7,5.63,118.26,2024-03-08,18:50,Ewallet,112.63,4.7619,5.63,5.0
380-99-3112,B,Mandalay,Member,Female,Fashion accessories,27.12,7,9.49,199.33,2024-03-04,20:34,Credit card,189.84,4.7619,9.49,9.8
269-66-9344,B,Mandalay,Normal,Male,Food and beverages,34.43,3,5.16,108.45,2024-01-01,12:36,Ewallet,103.29,4.7619,5.16,7.6
109-75-8461,C,Naypyitaw,Normal,Male,Electronic accessories,36.67,5,9.17,192.52,2024-03-11,11:10,Ewallet,183.35,4.7619,9.17,4.3
343-47-1640,C,Naypyitaw,Member,Male,Electronic accessories,34.34,1,1.72,36.06,2024-03-23,13:52,Ewallet,34.34,4.7619,1.72,7.2
101-93-6692,C,Naypyitaw,Normal,Male,Health and beauty,95.17,9,42.83,899.36,2024-02-03,12:26,Credit card,856.53,4.7619,42.83,5.8
158-90-1170,B,Mandalay,Member,Male,Electronic accessories,33.04,1,1.65,34.69,2024-03-09,20:55,Credit card,33.04,4.7619,1.65,4.6
863-98-7258,C,Naypyitaw,Normal,Female,Sports and travel,29.86,5,7.47,156.77,2024-01-27,19:40,Cash,149.3,4.7619,7.47,4.9
337-65-7039,A,Yangon,Normal,Female,Sports and travel,26.33,3,3.95,82.94,2024-01-23,13:36,Cash,78.99,4.7619,3.95,9.7
284-92-5621,A,Yangon,Normal,Female,Electronic accessories,83.57,10,41.79,877.49,2024-01-25,11:09,Ewallet,835.7,4.7619,41.79,6.6
565-92-7594,A,Yangon,Member,Female,Food and beverages,18.97,7,6.64,139.43,2024-01-03,11:52,Ewallet,132.79,4.7619,6.64,8.6
759-15-3165,A,Yangon,Member,Male,Electronic accessories,94.46,10,47.23,991.83,2024-01-02,10:50,Ewallet,944.6,4.7619,47.23,7.3
937-53-2392,A,Yangon,Member,Male,Food and beverages,90.31,3,13.55,284.48,2024-02-09,15:30,Ewallet,270.93,4.7619,13.55,5.5
656-98-5382,C,Naypyitaw,Member,Female,Health and beauty,19.25,5,4.81,101.06,2024-01-14,18:56,Cash,96.25,4.7619,4.81,4.9
329-13-4713,B,Mandalay,Normal,Female,Home and lifestyle,68.98,4,13.8,289.72,2024-03-28,16:43,Credit card,275.92,4.7619,13.8,8.9
215-72-3778,A,Yangon,Member,Female,Home and lifestyle,42.15,10,21.08,442.58,2024-02-12,11:23,Ewallet,421.5,4.7619,21.08,9.4
719-29-3917,B,Mandalay,Normal,Female,Fashion accessories,48.27,5,12.07,253.42,2024-03-20,14:22,Ewallet,241.35,4.7619,12.07,5.6
611-94-7047,B,Mandalay,Member,Female,Electronic accessories,79.99,3,12.0,251.97,2024-02-10,12:24,Cash,239.97,4.7619,12.0,8.3
904-71-2102,A,Yangon,Normal,Male,Electronic accessories,18.14,3,2.72,57.14,2024-01-24,16:22,Cash,54.42,4.7619,2.72,7.0
592-98-7782,C,Naypyitaw,Normal,Female,Fashion accessories,92.94,7,32.53,683.11,2024-02-23,18:31,Credit card,650.58,4.7619,32.53,7.2
645-78-4770,B,Mandalay,Member,Male,Food and beverages,62.0,4,12.4,260.4,2024-03-30,11:15,Cash,248.0,4.7619,12.4,4.0
971-12-6937,C,Naypyitaw,Normal,Female,Health and beauty,15.36,6,4.61,96.77,2024-02-16,12:18,Cash,92.16,4.7619,4.61,4.9
973-80-7898,A,Yangon,Member,Female,Health and beauty,77.22,2,7.72,162.16,2024-03-30,12:24,Credit card,154.44,4.7619,7.72,4.2
534-57-1886,C,Naypyitaw,Member,Female,Sports and travel,85.36,3,12.8,268.88,2024-01-04,12:23,Ewallet,256.08,4.7619,12.8,4.5
178-11-7823,A,Yangon,Member,Male,Fashion accessories,22.61,9,10.17,213.66,2024-03-30,14:30,Cash,203.49,4.7619,10.17,8.3
554-92-1216,B,Mandalay,Member,Female,Health and beauty,89.3,1,4.46,93.76,2024-03-18,12:32,Ewallet,89.3,4.7619,4.46,4.1
952-64-8443,C,Naypyitaw,Normal,Male,Fashion accessories,30.46,3,4.57,95.95,2024-02-04,11:33,Cash,91.38,4.7619,4.57,9.9
228-37-7560,C,Naypyitaw,Member,Female,Sports and travel,26.53,9,11.94,250.71,2024-03-18,11:52,Credit card,238.77,4.7619,11.94,6.8
420-93-7637,B,Mandalay,Member,Female,Home and lifestyle,68.19,4,13.64,286.4,2024-02-04,11:06,Ewallet,272.76,4.7619,13.64,6.2
897-52-1459,A,Yangon,Normal,Female,Food and beverages,19.58,4,3.92,82.24,2024-03-17,10:48,Cash,78.32,4.7619,3.92,5.1
306-91-1530,A,Yangon,Normal,Female,Food and beverages,60.83,10,30.41,638.71,2024-03-02,10:03,Cash,608.3,4.7619,30.41,4.6
416-11-6843,B,Mandalay,Normal,Female,Home and lifestyle,77.66,6,23.3,489.26,2024-01-17,20:06,Cash,465.96,4.7619,23.3,6.4
859-74-2654,C,Naypyitaw,Member,Female,Food and beverages,81.64,8,32.66,685.78,2024-03-16,10:18,Ewallet,653.12,4.7619,32.66,4.9
574-20-2528,C,Naypyitaw,Member,Female,Fashion accessories,68.87,3,10.33,216.94,2024-03-05,18:46,Credit card,206.61,4.7619,10.33,7.9
887-53-8331,A,Yangon,Normal,Male,Home and lifestyle,66.11,7,23.14,485.91,2024-01-06,20:24,Ewallet,462.77,4.7619,23.14,5.3
725-87-2228,A,Yangon,Normal,Female,Health and beauty,22.83,5,5.71,119.86,2024-03-11,11:31,Ewallet,114.15,4.7619,5.71,6.7
273-47-3645,A,Yangon,Normal,Male,Home and lifestyle,18.03,3,2.7,56.79,2024-03-31,17:16,Cash,54.09,4.7619,2.7,9.9
881-66-3301,A,Yangon,Normal,Female,Home and lifestyle,87.3,7,30.56,641.66,2024-02-22,19:58,Credit card,611.1,4.7619,30.56,4.8
475-75-6138,B,Mandalay,Member,Male,Food and beverages,50.5,1,2.53,53.03,2024-03-20,20:03,Credit card,50.5,4.7619,2.53,8.7
816-81-1130,A,Yangon,Member,Male,Sports and travel,24.24,7,8.48,178.16,2024-01-10,13:24,Cash,169.68,4.7619,8.48,8.0
457-69-8675,C,Naypyitaw,Normal,Female,Health and beauty,26.22,2,2.62,55.06,2024-02-20,16:12,Cash,52.44,4.7619,2.62,6.0
424-53-8967,A,Yangon,Normal,Female,Home and lifestyle,50.91,9,22.91,481.1,2024-01-20,17:09,Credit card,458.19,4.7619,22.91,5.3
681-14-7230,A,Yangon,Normal,Male,Sports and travel,29.21,4,5.84,122.68,2024-01-03,20:27,Cash,116.84,4.7619,5.84,5.5
280-20-3322,A,Yangon,Normal,Male,Health and beauty,36.85,8,14.74,309.54,2024-02-23,18:13,Credit card,294.8,4.7619,14.74,9.4
288-16-2514,B,Mandalay,Normal,Male,Electronic accessories,27.87,7,9.75,204.84,2024-03-02,17:34,Credit card,195.09,4.7619,9.75,8.7
813-65-6811,C,Naypyitaw,Normal,Female,Food and beverages,80.47,10,40.24,844.94,2024-01-26,11:46,Credit card,804.7,4.7619,40.24,7.5
248-51-6185,A,Yangon,Member,Male,Electronic accessories,54.95,6,16.48,346.18,2024-01-15,20:26,Cash,329.7,4.7619,16.48,7.1
103-67-3059,C,Naypyitaw,Normal,Female,Health and beauty,29.67,4,5.93,124.61,2024-02-23,18:49,Ewallet,118.68,4.7619,5.93,7.6
321-54-4436,A,Yangon,Member,Male,Home and lifestyle,11.46,5,2.87,60.17,2024-03-05,11:44,Cash,57.3,4.7619,2.87,7.9
566-62-7723,B,Mandalay,Normal,Male,Food and beverages,97.66,6,29.3,615.26,2024-01-15,12:29,Cash,585.96,4.7619,29.3,6.2
666-86-3664,C,Naypyitaw,Normal,Male,Home and lifestyle,86.05,7,30.12,632.47,2024-03-22,14:44,Credit card,602.35,4.7619,30.12,9.6
977-22-2435,A,Yangon,Member,Female,Food and beverages,93.92,2,9.39,197.23,2024-03-04,19:59,Credit card,187.84,4.7619,9.39,4.6
554-74-1534,C,Naypyitaw,Normal,Male,Electronic accessories,30.06,8,12.02,252.5,2024-03-11,16:07,Ewallet,240.48,4.7619,12.02,9.1
227-54-8601,B,Mandalay,Normal,Female,Home and lifestyle,80.39,9,36.18,759.69,2024-02-06,14:56,Credit card,723.51,4.7619,36.18,5.6
958-63-4957,A,Yangon,Normal,Female,Health and beauty,12.36,6,3.71,77.87,2024-03-07,19:20,Cash,74.16,4.7619,3.71,5.0
685-65-4962,C,Naypyitaw,Normal,Female,Food and beverages,67.99,1,3.4,71.39,2024-03-14,16:08,Credit card,67.99,4.7619,3.4,6.3
845-32-7604,B,Mandalay,Member,Male,Electronic accessories,18.96,3,2.84,59.72,2024-03-05,11:40,Credit card,56.88,4.7619,2.84,8.7
963-90-5263,C,Naypyitaw,Member,Male,Electronic accessories,18.39,1,0.92,19.31,2024-02-25,10:40,Credit card,18.39,4.7619,0.92,4.9
732-79-2290,C,Naypyitaw,Normal,Female,Fashion accessories,76.07,8,30.43,638.99,2024-03-22,20:49,Cash,608.56,4.7619,30.43,5.1
768-38-5864,A,Yangon,Member,Male,Home and lifestyle,69.33,5,17.33,363.98,2024-01-11,12:40,Ewallet,346.65,4.7619,17.33,7.8
693-23-2817,B,Mandalay,Member,Female,Electronic accessories,35.42,3,5.31,111.57,2024-01-12,11:31,Cash,106.26,4.7619,5.31,9.5
312-60-2649,B,Mandalay,Member,Male,Health and beauty,53.78,2,5.38,112.94,2024-01-27,20:26,Cash,107.56,4.7619,5.38,9.3
748-67-3639,A,Yangon,Normal,Female,Electronic accessories,69.36,10,34.68,728.28,2024-01-05,11:21,Cash,693.6,4.7619,34.68,6.9
728-86-9953,A,Yangon,Member,Male,Health and beauty,27.35,1,1.37,28.72,2024-03-09,10:33,Credit card,27.35,4.7619,1.37,8.6
321-56-2880,A,Yangon,Member,Male,Electronic accessories,29.78,3,4.47,93.81,2024-02-04,14:30,Ewallet,89.34,4.7619,4.47,9.7
456-80-5822,B,Mandalay,Normal,Male,Food and beverages,95.16,4,19.03,399.67,2024-02-02,12:12,Credit card,380.64,4.7619,19.03,9.1
834-45-7436,A,Yangon,Normal,Female,Electronic accessories,95.83,8,38.33,804.97,2024-02-25,17:27,Credit card,766.64,4.7619,38.33,8.5
935-50-2762,C,Naypyitaw,Normal,Male,Electronic accessories,61.04,6,18.31,384.55,2024-03-21,11:28,Ewallet,366.24,4.7619,18.31,9.3
623-42-7714,B,Mandalay,Normal,Male,Health and beauty,20.32,6,6.1,128.02,2024-02-24,12:22,Ewallet,121.92,4.7619,6.1,4.4
772-57-7094,A,Yangon,Normal,Female,Health and beauty,38.67,1,1.93,40.6,2024-02-12,13:29,Credit card,38.67,4.7619,1.93,8.8
338-81-2085,B,Mandalay,Normal,Female,Food and beverages,29.57,9,13.31,279.44,2024-02-05,19:56,Credit card,266.13,4.7619,13.31,4.4
761-63-8130,B,Mandalay,Normal,Female,Electronic accessories,14.47,8,5.79,121.55,2024-03-04,10:17,Cash,115.76,4.7619,5.79,4.7
563-31-6355,C,Naypyitaw,Normal,Female,Food and beverages,11.91,1,0.6,12.51,2024-03-23,19:00,Cash,11.91,4.7619,0.6,5.7
961-61-1606,C,Naypyitaw,Member,Male,Fashion accessories,11.46,8,4.58,96.26,2024-01-13,16:46,Cash,91.68,4.7619,4.58,5.6
871-54-7559,A,Yangon,Normal,Male,Food and beverages,14.24,5,3.56,74.76,2024-03-30,17:31,Credit card,71.2,4.7619,3.56,9.8
224-57-2683,A,Yangon,Member,Female,Health and beauty,22.48,6,6.74,141.62,2024-03-29,16:14,Ewallet,134.88,4.7619,6.74,4.5
841-57-9807,A,Yangon,Member,Male,Health and beauty,19.97,5,4.99,104.84,2024-01-10,14:21,Credit card,99.85,4.7619,4.99,7.7
931-58-5422,C,Naypyitaw,Member,Female,Food and beverages,51.46,3,7.72,162.1,2024-02-10,12:48,Credit card,154.38,4.7619,7.72,9.3
523-91-8320,C,Naypyitaw,Member,Female,Food and beverages,53.01,8,21.2,445.28,2024-02-05,15:49,Credit card,424.08,4.7619,21.2,6.9
194-43-5853,C,Naypyitaw,Member,Male,Food and beverages,85.19,4,17.04,357.8,2024-03-25,20:47,Ewallet,340.76,4.7619,17.04,8.2
176-73-1987,A,Yangon,Member,Female,Sports and travel,83.66,4,16.73,351.37,2024-03-03,11:21,Ewallet,334.64,4.7619,16.73,8.9
879-77-9420,B,Mandalay,Normal,Male,Fashion accessories,23.86,9,10.74,225.48,2024-01-14,12:14,Cash,214.74,4.7619,10.74,6.3
563-89-9412,A,Yangon,Normal,Female,Health and beauty,35.0,3,5.25,110.25,2024-03-28,14:55,Credit card,105.0,4.7619,5.25,7.9
250-69-2755,C,Naypyitaw,Member,Female,Health and beauty,90.46,3,13.57,284.95,2024-02-04,10:30,Credit card,271.38,4.7619,13.57,7.2
460-43-2938,C,Naypyitaw,Member,Male,Sports and travel,29.08,7,10.18,213.74,2024-03-05,16:32,Cash,203.56,4.7619,10.18,4.3
379-57-2602,A,Yangon,Normal,Male,Electronic accessories,36.46,7,12.76,267.98,2024-01-23,19:17,Credit card,255.22,4.7619,12.76,7.6
631-65-2788,C,Naypyitaw,Member,Female,Health and beauty,29.76,1,1.49,31.25,2024-01-05,19:17,Ewallet,29.76,4.7619,1.49,4.4
203-45-4710,C,Naypyitaw,Normal,Male,Sports and travel,19.12,5,4.78,100.38,2024-03-04,13:10,Ewallet,95.6,4.7619,4.78,6.1
394-86-5718,C,Naypyitaw,Member,Female,Electronic accessories,55.29,10,27.64,580.54,2024-03-02,14:54,Credit card,552.9,4.7619,27.64,5.4
422-97-2137,A,Yangon,Member,Male,Sports and travel,22.76,1,1.14,23.9,2024-03-26,17:27,Cash,22.76,4.7619,1.14,4.1
370-19-3797,C,Naypyitaw,Member,Male,Sports and travel,62.48,8,24.99,524.83,2024-02-01,17:07,Ewallet,499.84,4.7619,24.99,8.9
680-97-5762,A,Yangon,Member,Female,Health and beauty,19.0,6,5.7,119.7,2024-02-27,17:47,Cash,114.0,4.7619,5.7,9.9
363-94-8970,B,Mandalay,Normal,Male,Health and beauty,84.49,5,21.12,443.57,2024-03-31,15:57,Credit card,422.45,4.7619,21.12,8.6
977-86-8935,A,Yangon,Normal,Female,Electronic accessories,98.07,4,19.61,411.89,2024-03-25,12:22,Cash,392.28,4.7619,19.61,4.2
691-99-8056,B,Mandalay,Member,Female,Electronic accessories,92.85,7,32.5,682.45,2024-03-22,11:17,Credit card,649.95,4.7619,32.5,8.1
560-77-3866,B,Mandalay,Normal,Male,Sports and travel,63.02,5,15.76,330.86,2024-02-09,13:02,Credit card,315.1,4.7619,15.76,7.1
451-88-3014,B,Mandalay,Normal,Male,Home and lifestyle,19.92,1,1.0,20.92,2024-03-04,20:09,Cash,19.92,4.7619,1.0,8.1
635-47-3664,B,Mandalay,Normal,Male,Health and beauty,81.97,1,4.1,86.07,2024-02-28,10:13,Cash,81.97,4.7619,4.1,9.0
226-16-9001,B,Mandalay,Member,Male,Home and lifestyle,69.42,1,3.47,72.89,2024-01-07,14:08,Cash,69.42,4.7619,3.47,9.3
904-74-3540,A,Yangon,Normal,Female,Fashion accessories,27.7,10,13.85,290.85,2024-01-11,14:14,Ewallet,277.0,4.7619,13.85,6.8
463-41-7328,B,Mandalay,Normal,Female,Home and lifestyle,92.81,10,46.41,974.51,2024-02-09,12:36,Cash,928.1,4.7619,46.41,8.1
430-84-3280,C,Naypyitaw,Member,Male,Electronic accessories,47.46,4,9.49,199.33,2024-02-08,14:05,Cash,189.84,4.7619,9.49,7.4
743-69-9942,A,Yangon,Normal,Male,Health and beauty,22.47,8,8.99,188.75,2024-03-29,15:32,Credit card,179.76,4.7619,8.99,8.3
579-55-8006,B,Mandalay,Normal,Male,Sports and travel,12.49,9,5.62,118.03,2024-01-04,16:05,Ewallet,112.41,4.7619,5.62,7.7
409-41-9391,B,Mandalay,Member,Male,Health and beauty,77.97,7,27.29,573.08,2024-01-17,16:42,Ewallet,545.79,4.7619,27.29,6.8
881-76-8540,A,Yangon,Member,Female,Home and lifestyle,84.68,2,8.47,177.83,2024-02-12,19:06,Cash,169.36,4.7619,8.47,7.4
807-52-1997,A,Yangon,Member,Female,Food and beverages,22.97,8,9.19,192.95,2024-01-18,13:57,Credit card,183.76,4.7619,9.19,7.8
258-48-6093,C,Naypyitaw,Member,Male,Food and beverages,71.89,2,7.19,150.97,2024-01-09,10:09,Credit card,143.78,4.7619,7.19,9.3
632-22-5050,A,Yangon,Member,Male,Health and beauty,84.94,8,33.98,713.5,2024-02-20,10:59,Ewallet,679.52,4.7619,33.98,5.8
595-33-4849,C,Naypyitaw,Normal,Male,Fashion accessories,65.54,7,22.94,481.72,2024-01-19,20:01,Ewallet,458.78,4.7619,22.94,4.9
862-94-4943,A,Yangon,Member,Male,Sports and travel,36.1,2,3.61,75.81,2024-03-16,17:23,Credit card,72.2,4.7619,3.61,5.7
495-99-2758,B,Mandalay,Normal,Male,Electronic accessories,12.52,8,5.01,105.17,2024-01-16,19:24,Ewallet,100.16,4.7619,5.01,7.5
134-92-8282,A,Yangon,Normal,Female,Sports and travel,89.41,8,35.76,751.04,2024-02-05,10:10,Cash,715.28,4.7619,35.76,7.0
981-74-4453,B,Mandalay,Normal,Female,Electronic accessories,69.03,6,20.71,434.89,2024-03-24,19:21,Cash,414.18,4.7619,20.71,8.3
905-27-5560,C,Naypyitaw,Normal,Male,Health and beauty,92.45,8,36.98,776.58,2024-02-18,17:38,Credit card,739.6,4.7619,36.98,5.1
825-74-9608,B,Mandalay,Member,Male,Food and beverages,95.96,6,28.79,604.55,2024-03-15,19:53,Cash,575.76,4.7619,28.79,4.4
130-30-4796,A,Yangon,Member,Male,Fashion accessories,52.87,4,10.57,222.05,2024-01-31,11:57,Ewallet,211.48,4.7619,10.57,8.4
493-63-2054,A,Yangon,Normal,Female,Health and beauty,86.2,2,8.62,181.02,2024-02-26,15:38,Credit card,172.4,4.7619,8.62,9.0
278-51-2763,C,Naypyitaw,Normal,Male,Electronic accessories,98.99,10,49.5,1039.4,2024-03-12,13:12,Cash,989.9,4.7619,49.5,6.9
795-46-4694,A,Yangon,Member,Male,Food and beverages,82.77,4,16.55,347.63,2024-01-12,19:01,Credit card,331.08,4.7619,16.55,9.8
198-36-1544,A,Yangon,Member,Male,Sports and travel,61.14,2,6.11,128.39,2024-02-13,12:43,Credit card,122.28,4.7619,6.11,9.7
845-92-9653,B,Mandalay,Member,Female,Food and beverages,84.47,9,38.01,798.24,2024-02-15,15:39,Credit card,760.23,4.7619,38.01,9.1
920-18-8190,B,Mandalay,Normal,Female,Food and beverages,17.03,9,7.66,160.93,2024-02-08,11:07,Cash,153.27,4.7619,7.66,5.4
715-79-6421,A,Yangon,Member,Male,Home and lifestyle,45.13,6,13.54,284.32,2024-01-09,12:18,Ewallet,270.78,4.7619,13.54,7.2
347-76-9192,B,Mandalay,Normal,Female,Food and beverages,72.77,2,7.28,152.82,2024-03-15,17:59,Cash,145.54,4.7619,7.28,7.9
133-53-7904,B,Mandalay,Member,Male,Health and beauty,22.53,9,10.14,212.91,2024-02-12,20:58,Ewallet,202.77,4.7619,10.14,5.4
174-82-1579,B,Mandalay,Member,Male,Food and beverages,76.53,2,7.65,160.71,2024-03-11,17:08,Cash,153.06,4.7619,7.65,8.3
206-14-9136,C,Naypyitaw,Member,Male,Sports and travel,52.98,4,10.6,222.52,2024-01-03,10:01,Ewallet,211.92,4.7619,10.6,7.2
980-58-1296,C,Naypyitaw,Normal,Female,Sports and travel,78.9,3,11.84,248.54,2024-02-25,16:35,Ewallet,236.7,4.7619,11.84,4.7
220-88-7024,B,Mandalay,Member,Male,Sports and travel,92.62,4,18.52,389.0,2024-01-30,11:37,Ewallet,370.48,4.7619,18.52,5.4
865-78-1750,A,Yangon,Member,Female,Health and beauty,15.1,8,6.04,126.84,2024-01-24,14:02,Cash,120.8,4.7619,6.04,6.1
770-41-5790,A,Yangon,Normal,Male,Fashion accessories,21.01,2,2.1,44.12,2024-01-10,14:34,Ewallet,42.02,4.7619,2.1,7.0
852-55-4609,B,Mandalay,Normal,Male,Food and beverages,36.34,4,7.27,152.63,2024-03-08,14:20,Credit card,145.36,4.7619,7.27,7.2
206-16-6679,B,Mandalay,Normal,Male,Health and beauty,28.32,3,4.25,89.21,2024-03-07,13:19,Credit card,84.96,4.7619,4.25,7.3
225-57-3325,A,Yangon,Member,Male,Fashion accessories,78.77,2,7.88,165.42,2024-01-03,17:53,Ewallet,157.54,4.7619,7.88,5.6
702-59-5921,A,Yangon,Member,Male,Food and beverages,44.55,1,2.23,46.78,2024-02-18,16:28,Ewallet,44.55,4.7619,2.23,5.3
488-33-8062,C,Naypyitaw,Member,Male,Health and beauty,58.73,6,17.62,370.0,2024-01-04,19:48,Cash,352.38,4.7619,17.62,9.5
368-85-4547,A,Yangon,Normal,Male,Sports and travel,80.43,1,4.02,84.45,2024-01-14,18:24,Credit card,80.43,4.7619,4.02,9.6
394-78-8594,B,Mandalay,Normal,Female,Sports and travel,52.06,4,10.41,218.65,2024-01-17,10:17,Credit card,208.24,4.7619,10.41,9.7
187-41-9893,B,Mandalay,Normal,Male,Health and beauty,65.39,6,19.62,411.96,2024-02-04,20:16,Credit card,392.34,4.7619,19.62,8.9
722-11-3036,B,Mandalay,Normal,Male,Electronic accessories,49.94,1,2.5,52.44,2024-02-26,10:29,Ewallet,49.94,4.7619,2.5,9.8
591-91-4569,B,Mandalay,Member,Female,Home and lifestyle,90.73,9,40.83,857.4,2024-02-10,11:28,Ewallet,816.57,4.7619,40.83,5.5
905-45-5252,B,Mandalay,Member,Female,Fashion accessories,25.7,10,12.85,269.85,2024-03-24,10:14,Ewallet,257.0,4.7619,12.85,7.9
288-97-9302,B,Mandalay,Normal,Female,Food and beverages,74.56,1,3.73,78.29,2024-02-03,14:01,Credit card,74.56,4.7619,3.73,9.1
969-55-9854,C,Naypyitaw,Member,Female,Home and lifestyle,19.82,9,8.92,187.3,2024-02-26,11:32,Ewallet,178.38,4.7619,8.92,5.4
433-83-7084,C,Naypyitaw,Normal,Female,Fashion accessories,48.38,5,12.1,254.0,2024-01-19,10:20,Credit card,241.9,4.7619,12.1,8.7
443-62-7139,B,Mandalay,Normal,Female,Electronic accessories,43.14,5,10.79,226.49,2024-01-20,19:01,Ewallet,215.7,4.7619,10.79,7.7
927-50-9368,C,Naypyitaw,Normal,Female,Sports and travel,84.76,1,4.24,89.0,2024-03-25,12:24,Credit card,84.76,4.7619,4.24,4.5
179-38-9249,C,Naypyitaw,Normal,Female,Food and beverages,81.83,10,40.91,859.21,2024-03-01,20:33,Credit card,818.3,4.7619,40.91,6.6
375-34-5801,A,Yangon,Normal,Female,Home and lifestyle,30.78,6,9.23,193.91,2024-01-15,13:28,Credit card,184.68,4.7619,9.23,9.7
519-56-2305,B,Mandalay,Member,Male,Fashion accessories,53.57,4,10.71,224.99,2024-02-27,16:14,Credit card,214.28,4.7619,10.71,9.0
228-78-5013,B,Mandalay,Member,Male,Home and lifestyle,40.74,2,4.07,85.55,2024-01-11,16:26,Credit card,81.48,4.7619,4.07,9.9
689-73-4245,A,Yangon,Normal,Female,Electronic accessories,20.87,5,5.22,109.57,2024-03-11,17:47,Ewallet,104.35,4.7619,5.22,4.8
134-65-1392,C,Naypyitaw,Member,Female,Electronic accessories,56.34,9,25.35,532.41,2024-02-19,16:22,Ewallet,507.06,4.7619,25.35,6.4
670-40-5806,A,Yangon,Normal,Male,Food and beverages,64.78,2,6.48,136.04,2024-01-06,11:47,Cash,129.56,4.7619,6.48,9.7
518-90-8368,C,Naypyitaw,Normal,Male,Sports and travel,73.0,3,10.95,229.95,2024-03-16,18:05,Ewallet,219.0,4.7619,10.95,9.4
707-85-7060,C,Naypyitaw,Normal,Male,Home and lifestyle,49.47,9,22.26,467.49,2024-03-16,14:49,Ewallet,445.23,4.7619,22.26,5.4
605-53-1791,C,Naypyitaw,Normal,Male,Home and lifestyle,44.56,3,6.68,140.36,2024-01-19,10:52,Credit card,133.68,4.7619,6.68,9.3
848-36-8053,C,Naypyitaw,Normal,Male,Health and beauty,41.26,3,6.19,129.97,2024-01-16,14:17,Cash,123.78,4.7619,6.19,6.6
273-46-5250,C,Naypyitaw,Member,Female,Fashion accessories,35.07,2,3.51,73.65,2024-01-27,18:53,Credit card,70.14,4.7619,3.51,8.5
128-86-1651,C,Naypyitaw,Member,Female,Sports and travel,84.92,1,4.25,89.17,2024-02-17,13:18,Credit card,84.92,4.7619,4.25,6.6
555-76-3067,B,Mandalay,Normal,Female,Fashion accessories,73.56,2,7.36,154.48,2024-02-26,16:31,Cash,147.12,4.7619,7.36,4.5
240-45-2908,B,Mandalay,Member,Female,Fashion accessories,16.69,3,2.5,52.57,2024-03-05,15:17,Cash,50.07,4.7619,2.5,7.8
625-96-2213,C,Naypyitaw,Normal,Female,Sports and travel,19.04,9,8.57,179.93,2024-02-10,13:53,Credit card,171.36,4.7619,8.57,8.0
998-90-1583,C,Naypyitaw,Member,Female,Electronic accessories,62.77,4,12.55,263.63,2024-03-27,13:16,Cash,251.08,4.7619,12.55,4.9
933-33-9138,B,Mandalay,Member,Female,Fashion accessories,88.82,9,39.97,839.35,2024-01-28,10:27,Ewallet,799.38,4.7619,39.97,6.9
725-36-3918,A,Yangon,Normal,Male,Food and beverages,44.22,10,22.11,464.31,2024-01-31,20:22,Cash,442.2,4.7619,22.11,7.2
284-48-4799,B,Mandalay,Normal,Male,Fashion accessories,45.29,6,13.59,285.33,2024-03-10,17:18,Ewallet,271.74,4.7619,13.59,5.3
873-46-7874,B,Mandalay,Normal,Female,Fashion accessories,48.23,3,7.23,151.92,2024-02-29,15:42,Ewallet,144.69,4.7619,7.23,6.1
507-26-8925,B,Mandalay,Normal,Female,Health and beauty,36.18,9,16.28,341.9,2024-01-28,16:03,Credit card,325.62,4.7619,16.28,8.6
367-96-6203,B,Mandalay,Normal,Male,Sports and travel,45.88,1,2.29,48.17,2024-02-04,17:46,Ewallet,45.88,4.7619,2.29,6.0
938-15-6054,B,Mandalay,Normal,Female,Food and beverages,88.8,9,39.96,839.16,2024-01-27,20:07,Credit card,799.2,4.7619,39.96,7.7
232-87-9843,A,Yangon,Member,Male,Health and beauty,80.23,6,24.07,505.45,2024-02-15,18:04,Credit card,481.38,4.7619,24.07,4.3
315-56-9773,A,Yangon,Member,Male,Fashion accessories,30.64,3,4.6,96.52,2024-02-17,15:26,Ewallet,91.92,4.7619,4.6,7.3
354-11-1591,A,Yangon,Member,Male,Sports and travel,13.81,5,3.45,72.5,2024-02-08,10:14,Credit card,69.05,4.7619,3.45,8.6
353-14-5463,C,Naypyitaw,Member,Male,Fashion accessories,46.06,5,11.52,241.82,2024-01-11,11:04,Credit card,230.3,4.7619,11.52,8.3
880-63-1330,A,Yangon,Member,Female,Fashion accessories,62.93,7,22.03,462.54,2024-01-25,19:54,Cash,440.51,4.7619,22.03,8.7
535-75-1383,B,Mandalay,Normal,Male,Electronic accessories,18.97,10,9.48,199.18,2024-03-01,16:18,Cash,189.7,4.7619,9.48,4.6
516-81-5563,B,Mandalay,Normal,Female,Sports and travel,11.55,8,4.62,97.02,2024-02-20,15:48,Credit card,92.4,4.7619,4.62,8.3
563-38-1407,B,Mandalay,Member,Male,Home and lifestyle,52.91,2,5.29,111.11,2024-03-23,14:21,Ewallet,105.82,4.7619,5.29,8.9
185-22-3773,A,Yangon,Normal,Female,Health and beauty,22.72,10,11.36,238.56,2024-03-01,18:46,Credit card,227.2,4.7619,11.36,8.6
160-73-5129,B,Mandalay,Normal,Male,Electronic accessories,13.29,10,6.65,139.55,2024-03-17,16:55,Ewallet,132.9,4.7619,6.65,5.6
314-81-9007,C,Naypyitaw,Normal,Male,Fashion accessories,31.21,8,12.48,262.16,2024-03-31,17:32,Credit card,249.68,4.7619,12.48,9.2
850-20-2721,B,Mandalay,Member,Male,Electronic accessories,78.11,3,11.72,246.05,2024-03-07,11:10,Ewallet,234.33,4.7619,11.72,6.6
216-14-7949,B,Mandalay,Member,Male,Electronic accessories,77.4,9,34.83,731.43,2024-02-23,16:00,Cash,696.6,4.7619,34.83,4.7
401-96-5441,C,Naypyitaw,Normal,Male,Food and beverages,68.51,3,10.28,215.81,2024-02-07,18:43,Ewallet,205.53,4.7619,10.28,8.8
831-57-9509,C,Naypyitaw,Normal,Male,Sports and travel,28.95,6,8.69,182.39,2024-01-18,12:33,Credit card,173.7,4.7619,8.69,9.0
110-50-7820,A,Yangon,Member,Male,Health and beauty,99.39,1,4.97,104.36,2024-02-09,13:12,Credit card,99.39,4.7619,4.97,4.6
569-52-2551,A,Yangon,Normal,Female,Health and beauty,41.54,9,18.69,392.55,2024-01-29,15:40,Ewallet,373.86,4.7619,18.69,9.6
381-46-7982,C,Naypyitaw,Normal,Male,Food and beverages,79.02,5,19.76,414.86,2024-03-12,18:41,Credit card,395.1,4.7619,19.76,5.2
706-29-2687,C,Naypyitaw,Member,Male,Electronic accessories,33.66,2,3.37,70.69,2024-01-17,18:37,Credit card,67.32,4.7619,3.37,8.6
438-83-5542,C,Naypyitaw,Normal,Female,Electronic accessories,10.24,4,2.05,43.01,2024-01-28,11:59,Credit card,40.96,4.7619,2.05,4.9
268-70-1004,B,Mandalay,Member,Female,Electronic accessories,56.05,8,22.42,470.82,2024-02-24,20:30,Cash,448.4,4.7619,22.42,5.8
878-25-4944,C,Naypyitaw,Normal,Male,Sports and travel,73.55,6,22.07,463.37,2024-02-09,18:20,Credit card,441.3,4.7619,22.07,4.5
719-37-3721,C,Naypyitaw,Normal,Female,Sports and travel,60.44,8,24.18,507.7,2024-03-29,14:43,Ewallet,483.52,4.7619,24.18,7.3
545-93-6704,A,Yangon,Member,Male,Sports and travel,79.36,6,23.81,499.97,2024-02-24,13:39,Credit card,476.16,4.7619,23.81,9.3
295-58-7130,A,Yangon,Member,Female,Sports and travel,42.49,4,8.5,178.46,2024-01-01,19:19,Cash,169.96,4.7619,8.5,4.6
477-42-9237,A,Yangon,Normal,Female,Fashion accessories,34.74,8,13.9,291.82,2024-02-20,10:44,Credit card,277.92,4.7619,13.9,5.5
740-17-1498,C,Naypyitaw,Normal,Male,Sports and travel,25.64,9,11.54,242.3,2024-01-14,10:23,Ewallet,230.76,4.7619,11.54,7.7
830-29-3898,A,Yangon,Member,Male,Health and beauty,15.04,1,0.75,15.79,2024-02-10,11:54,Credit card,15.04,4.7619,0.75,5.7
973-34-1273,B,Mandalay,Normal,Female,Food and beverages,74.98,6,22.49,472.37,2024-03-07,10:42,Cash,449.88,4.7619,22.49,6.5
783-95-2007,A,Yangon,Member,Female,Fashion accessories,33.99,3,5.1,107.07,2024-02-26,10:17,Credit card,101.97,4.7619,5.1,5.2
617-62-3833,C,Naypyitaw,Member,Male,Home and lifestyle,60.44,2,6.04,126.92,2024-02-13,17:36,Credit card,120.88,4.7619,6.04,4.5
574-21-2904,A,Yangon,Member,Female,Electronic accessories,38.57,1,1.93,40.5,2024-01-22,10:13,Credit card,38.57,4.7619,1.93,6.2
183-41-6042,C,Naypyitaw,Member,Female,Home and lifestyle,14.8,5,3.7,77.7,2024-01-23,14:08,Credit card,74.0,4.7619,3.7,5.9
331-34-5469,A,Yangon,Member,Male,Home and lifestyle,72.77,5,18.19,382.04,2024-01-12,17:22,Credit card,363.85,4.7619,18.19,6.2
890-92-9569,B,Mandalay,Member,Female,Food and beverages,44.71,9,20.12,422.51,2024-03-13,13:44,Cash,402.39,4.7619,20.12,6.1
